Workbook

Sheet Таблица полная Grt
A1: № образца | B1: порода | C1: №анализа EPMA | D1: SiO2 | E1: кружок | F1: точка_SIMS | G1: SiO2 | H1: TiO2 | I1: Al2O3 | J1: Cr2O3 | K1: FeO | L1: MgO | M1: MnO | N1: CaO | O1: NiO | P1: Na2O | Q1: K2O | R1: SrO | S1: BaO | T1: P2O5 | U1: F | V1: S | W1: Zr | X1: Nb | Y1: Y | Z1: V | AA1: W | AB1: Cl | AC1: Total | AD1: 085Rb | AE1: 087Rb_str | AF1: 088Sr | AG1: 090Zr | AH1: 140Ce | AI1: 149Sm | AJ1: 158Gd | AK1: 167Er | AL1: 174Yb | AM1: 178Hf | AN1: 232Th | AO1: 238U | AP1: 181Ta | AQ1: 165Ho | AR1: 163Dy | AS1: 153Eu | AT1: 143Nd | AU1: 139La | AV1: 093Nb | AW1: 089Y | AX1: 051V | AY1: 047Ti | AZ1: 011B | BA1: 007Li | BB1: 158Gd str | BC1: 174Yb str | BD1: 153Eu str | BE1: 167Er str | BF1: delta Ti | BG1: delta Zr | BH1: % (Zr) | BI1: delta V | BJ1: % (V) | BK1: Sm/Ybn | BL1: Sm/Lan | BM1: Y/Ho | BN1: La/Ybn | BO1: Nb/Ta
A2: 19ТР-14 | C2: 15 | D2: 35.86 | E2: 10 | F2: 56 | G2: 35.86 | H2: 0.66 | I2: 5.09 | J2: 0 | K2: 20.02 | L2: 0.67 | M2: 0.45 | N2: 33.37 | P2: 0.08 | AC2: 96.32 | AD2: 120.54018 | AE2: 41.048473 | AF2: 6011.1496 | AG2: 733.82623 | AH2: 1781.6996 | AI2: 45.304599 | AJ2: 450.24065 | AK2: 10.102139 | AL2: 16.087784 | AM2: 9.9514345 | AN2: 33.439829 | AO2: 30.845801 | AP2: 8.5992775 | AQ2: 3.064566 | AR2: 16.599864 | AS2: 20.104094 | AT2: 476.37131 | AU2: 1034.0432 | AV2: 344.44166 | AW2: 67.425013 | AX2: 605.18692 | AY2: 6393.1943 | AZ2: 22.772075 | BA2: 31.182327 | BB2: 54.955625 | BC2: 3.5079491 | BD2: 11.094916 | BE2: 7.8238434 | BF2: =H2*5993.43-AY2 -> -2437.5305 | BK2: ='для графера'!F28/'для графера'!N28 -> 14.349821 | BL2: ='для графера'!F28/'для графера'!B28 -> 0.067867291 | BM2: =AW2/AQ2 -> 22.001488 | BN2: ='для графера'!B28/'для графера'!N28 -> 211.43943 | BO2: =AV2/AP2 -> 40.054721
A3: 19ТР-14 | C3: 16 | D3: 35.76 | E3: 10 | F3: 57 | G3: 35.76 | H3: 1.13 | I3: 5.21 | J3: 0 | K3: 19.41 | L3: 0.76 | M3: 0.36 | N3: 33.28 | P3: 0 | AC3: 96.07 | AD3: 248.67829 | AE3: 234.55855 | AF3: 1158.1435 | AG3: 347.85326 | AH3: 596.78776 | AI3: 38.624637 | AJ3: 159.15416 | AK3: 7.0714723 | AL3: 8.9077377 | AM3: 6.5084448 | AN3: 29.67671 | AO3: 7.2611026 | AP3: 8.4415199 | AQ3: 2.5745193 | AR3: 12.988554 | AS3: 26.308437 | AT3: 278.86423 | AU3: 245.31857 | AV3: 253.57488 | AW3: 43.156379 | AX3: 334.29366 | AY3: 5839.1291 | AZ3: 18.009009 | BA3: 30.284712 | BB3: 24.219737 | BC3: 4.4451114 | BD3: 10.390675 | BE3: 4.9377903 | BF3: =H3*5993.43-AY3 -> 933.44678 | BK3: ='для графера'!F29/'для графера'!N29 -> 9.6547105 | BL3: ='для графера'!F29/'для графера'!B29 -> 0.24388827 | BM3: =AW3/AQ3 -> 16.762888 | BN3: ='для графера'!B29/'для графера'!N29 -> 39.586613 | BO3: =AV3/AP3 -> 30.039008
A4: 19ТР-14 | C4: 20 | D4: 30.33 | E4: 10 | F4: 58 | G4: 30.33 | H4: 10.51 | I4: 2.78 | J4: 0 | K4: 19.88 | L4: 1.02 | M4: 0.13 | N4: 32.6 | P4: 0.14 | AC4: 97.49 | AD4: 26.367988 | AE4: -74.940222 | AF4: 1892.0579 | AG4: 1058.8892 | AH4: 233.62538 | AI4: 40.419738 | AJ4: 121.08612 | AK4: 12.282063 | AL4: 14.493058 | AM4: 28.721554 | AN4: 13.856181 | AO4: 2.1506082 | AP4: 9.08357 | AQ4: 3.7600849 | AR4: 20.632013 | AS4: 12.880892 | AT4: 175.72799 | AU4: 73.50371 | AV4: 269.07941 | AW4: 68.356805 | AX4: 154.85835 | AY4: 44211.343 | AZ4: 9.6612716 | BA4: 7.1549451 | BB4: 33.449854 | BC4: 5.9405549 | BD4: 11.377122 | BE4: 9.9458186 | BF4: =H4*5993.43-AY4 -> 18779.606 | BK4: ='для графера'!F30/'для графера'!N30 -> 7.5600379 | BL4: ='для графера'!F30/'для графера'!B30 -> 0.85180689 | BM4: =AW4/AQ4 -> 18.179591 | BN4: ='для графера'!B30/'для графера'!N30 -> 8.8752956 | BO4: =AV4/AP4 -> 29.62265
A5: 19ТР-14 | C5: 21 | D5: 36.24 | E5: 10 | F5: 59 | G5: 36.24 | H5: 0.74 | I5: 6.18 | J5: 0 | K5: 19.34 | L5: 0.49 | M5: 0.15 | N5: 34.07 | P5: 0 | AC5: 97.29 | AD5: 72.349975 | AE5: 53.66466 | AF5: 900.24921 | AG5: 158.05262 | AH5: 419.29094 | AI5: 30.735235 | AJ5: 136.17183 | AK5: 5.1885101 | AL5: 5.0617672 | AM5: 4.1268597 | AN5: 19.820978 | AO5: 5.8725745 | AP5: 12.536784 | AQ5: 1.7153426 | AR5: 9.577458 | AS5: 8.2284188 | AT5: 250.70072 | AU5: 119.25221 | AV5: 1116.6029 | AW5: 24.409094 | AX5: 328.37991 | AY5: 10524.167 | AZ5: 13.236568 | BA5: 9.7623404 | BB5: 17.747186 | BC5: 1.4955916 | BD5: 6.9827542 | BE5: 3.7546305 | BF5: =H5*5993.43-AY5 -> -6089.029 | BK5: ='для графера'!F31/'для графера'!N31 -> 22.833949 | BL5: ='для графера'!F31/'для графера'!B31 -> 0.39923353 | BM5: =AW5/AQ5 -> 14.229865 | BN5: ='для графера'!B31/'для графера'!N31 -> 57.194466 | BO5: =AV5/AP5 -> 89.066136
A6: 18КЛ-20 | C6: 26 | D6: 28.03 | E6: 15 | F6: 60 | G6: 28.03 | H6: 16.25 | I6: 0.72 | K6: 16.21 | L6: 1.07 | M6: 0.51 | N6: 30.03 | P6: 0.86 | W6: 2.5 | X6: 1.3 | Z6: 0.35 | AC6: 97.84 | AD6: 16.101494 | AE6: 7.566526 | AF6: 301.56437 | AG6: 16400.555 | AH6: 278.01964 | AI6: 107.00869 | AJ6: 220.63405 | AK6: 164.10925 | AL6: 166.40044 | AM6: 232.47849 | AN6: 9.6226065 | AO6: 56.166388 | AP6: 37.71894 | AQ6: 45.975457 | AR6: 202.14862 | AS6: 42.267737 | AT6: 226.77415 | AU6: 110.41768 | AV6: 11813.969 | AW6: 1142.2974 | AX6: 1199.6323 | AY6: 127669.85 | AZ6: 6.3724175 | BA6: 34.350574 | BB6: 130.54156 | BC6: 139.92229 | BD6: 43.214541 | BE6: 155.23532 | BF6: =H6*5993.43-AY6 -> -30276.61 | BG6: =W6*8701-AG6 -> 5351.9447 | BH6: =(BG6/AG6)*100 -> 32.632704 | BI6: =6797*Z6 - AX6 -> 1179.3177 | BJ6: =BI6/AX6*100 -> 98.306601 | BK6: ='для графера'!F32/'для графера'!N32 -> 0.84974698 | BL6: ='для графера'!F32/'для графера'!B32 -> 1.5011958 | BM6: =AW6/AQ6 -> 24.845808 | BN6: ='для графера'!B32/'для графера'!N32 -> 0.56604672 | BO6: =AV6/AP6 -> 313.21052
A7: 18КЛ-20 | C7: 27 | D7: 29.99 | E7: 15 | F7: 61 | G7: 29.99 | H7: 12.85 | I7: 1.32 | K7: 17.94 | L7: 1.04 | M7: 0.33 | N7: 31.91 | P7: 0.34 | W7: 0.76 | X7: 0.23 | Z7: 0.42 | AC7: 97.42 | AD7: 11.871125 | AE7: 1.6750625 | AF7: 164.13157 | AG7: 5425.05 | AH7: 462.66892 | AI7: 88.850839 | AJ7: 202.21551 | AK7: 33.786477 | AL7: 37.964867 | AM7: 73.425534 | AN7: 25.271338 | AO7: 49.371659 | AP7: 15.079262 | AQ7: 10.310295 | AR7: 52.944556 | AS7: 25.931482 | AT7: 431.0176 | AU7: 119.88284 | AV7: 2221.1471 | AW7: 277.23583 | AX7: 1271.6459 | AY7: 75171.357 | AZ7: 18.682465 | BA7: 29.526228 | BB7: 64.999971 | BC7: 25.399656 | BD7: 25.776979 | BE7: 28.493281 | BF7: =H7*5993.43-AY7 -> 1844.2181 | BG7: =W7*8701-AG7 -> 1187.71 | BH7: =(BG7/AG7)*100 -> 21.89307 | BI7: =6797*Z7 - AX7 -> 1583.0941 | BJ7: =BI7/AX7*100 -> 124.49175 | BK7: ='для графера'!F33/'для графера'!N33 -> 3.8867911 | BL7: ='для графера'!F33/'для графера'!B33 -> 1.1480517 | BM7: =AW7/AQ7 -> 26.889224 | BN7: ='для графера'!B33/'для графера'!N33 -> 3.3855541 | BO7: =AV7/AP7 -> 147.29813
A8: 18КЛ-20 | C8: 28 | D8: 34.97 | E8: 15 | F8: 62 | G8: 34.97 | H8: 2.97 | I8: 3.39 | K8: 20.97 | L8: 0.71 | M8: 0.33 | N8: 32.85 | P8: 0.11 | W8: 0 | X8: 0 | Z8: 0.66 | AC8: 96.97 | AD8: 17.719353 | AE8: 2.4413274 | AF8: 186.63152 | AG8: 3931.3465 | AH8: 484.68148 | AI8: 85.743796 | AJ8: 198.34458 | AK8: 38.654545 | AL8: 40.659238 | AM8: 63.500843 | AN8: 30.966825 | AO8: 44.753145 | AP8: 11.802762 | AQ8: 11.340021 | AR8: 54.334172 | AS8: 24.296879 | AT8: 434.37781 | AU8: 112.27071 | AV8: 2613.7389 | AW8: 295.27207 | AX8: 2149.124 | AY8: 57652.051 | AZ8: 11.023345 | BA8: 22.9557 | BB8: 63.023772 | BC8: 29.651319 | BD8: 24.524151 | BE8: 33.618613 | BF8: =H8*5993.43-AY8 -> -39851.564 | BI8: =6797*Z8 - AX8 -> 2336.896 | BJ8: =BI8/AX8*100 -> 108.73715 | BK8: ='для графера'!F34/'для графера'!N34 -> 3.2130403 | BL8: ='для графера'!F34/'для графера'!B34 -> 1.1830229 | BM8: =AW8/AQ8 -> 26.038054 | BN8: ='для графера'!B34/'для графера'!N34 -> 2.7159579 | BO8: =AV8/AP8 -> 221.45147
A9: 18КЛ-20 | C9: 32 | D9: 29.78 | E9: 16 | F9: 63 | G9: 29.78 | H9: 13.74 | I9: 1.38 | K9: 17.55 | L9: 0.98 | M9: 0.31 | N9: 32.01 | P9: 0.27 | W9: 0 | X9: 0.37 | Z9: 0.46 | AC9: 97.31 | AD9: 16.567441 | AE9: 4.2619958 | AF9: 219.65719 | AG9: 1944.0573 | AH9: 566.86529 | AI9: 108.79519 | AJ9: 249.56455 | AK9: 27.683762 | AL9: 30.034818 | AM9: 33.638991 | AN9: 48.051684 | AO9: 51.566184 | AP9: 33.644576 | AQ9: 8.8715454 | AR9: 47.439473 | AS9: 30.454177 | AT9: 533.37701 | AU9: 128.84464 | AV9: 3015.6365 | AW9: 204.74148 | AX9: 1306.1137 | AY9: 93455.517 | AZ9: 6.5160791 | BA9: 25.177641 | BB9: 65.263657 | BC9: 17.344705 | BD9: 30.423668 | BE9: 21.436387 | BF9: =H9*5993.43-AY9 -> -11105.788 | BI9: =6797*Z9 - AX9 -> 1820.5063 | BJ9: =BI9/AX9*100 -> 139.38346 | BK9: ='для графера'!F35/'для графера'!N35 -> 6.969478 | BL9: ='для графера'!F35/'для графера'!B35 -> 1.3079774 | BM9: =AW9/AQ9 -> 23.078445 | BN9: ='для графера'!B35/'для графера'!N35 -> 5.328439 | BO9: =AV9/AP9 -> 89.632175
A10: 18КЛ-20 | C10: 33 | D10: 30.07 | E10: 16 | F10: 64 | G10: 30.07 | H10: 12.53 | I10: 1.34 | K10: 17.76 | L10: 0.94 | M10: 0.34 | N10: 31.92 | P10: 0.34 | W10: 0 | X10: 0.26 | Z10: 0.45 | AC10: 95.96 | AD10: 19.993018 | AE10: 4.74881 | AF10: 166.08952 | AG10: 1958.3457 | AH10: 785.60467 | AI10: 124.46545 | AJ10: 311.64513 | AK10: 48.567094 | AL10: 49.218413 | AM10: 37.428371 | AN10: 67.444505 | AO10: 69.987683 | AP10: 45.02241 | AQ10: 14.196713 | AR10: 69.634282 | AS10: 32.611769 | AT10: 651.27022 | AU10: 177.5212 | AV10: 7070.5663 | AW10: 335.36849 | AX10: 1845.6146 | AY10: 120975.59 | AZ10: 6.8655278 | BA10: 41.210307 | BB10: 68.982309 | BC10: 36.235466 | BD10: 32.414096 | BE10: 41.910994 | BF10: =H10*5993.43-AY10 -> -45877.913 | BI10: =6797*Z10 - AX10 -> 1213.0354 | BJ10: =BI10/AX10*100 -> 65.725282 | BK10: ='для графера'!F36/'для графера'!N36 -> 3.8165632 | BL10: ='для графера'!F36/'для графера'!B36 -> 1.0860643 | BM10: =AW10/AQ10 -> 23.622967 | BN10: ='для графера'!B36/'для графера'!N36 -> 3.5141229 | BO10: =AV10/AP10 -> 157.04549
A11: 19ТР-9 | C11: 44 | D11: 33.64 | E11: 17 | F11: 65 | G11: 33.64 | H11: 7.45 | I11: 2.28 | K11: 19.15 | L11: 0 | M11: 0.18 | N11: 33.27 | P11: 0.19 | AC11: 97.23 | AD11: 25.600275 | AE11: -11.980122 | AF11: 602.93746 | AG11: 194.38244 | AH11: 168.53461 | AI11: 11.092044 | AJ11: 51.878465 | AK11: 3.2992515 | AL11: 3.2050887 | AM11: 5.1570469 | AN11: 8.2131271 | AO11: 1.7834475 | AP11: 3.5139397 | AQ11: 1.0660738 | AR11: 5.5091964 | AS11: 3.0509331 | AT11: 86.468565 | AU11: 66.154722 | AV11: 275.7145 | AW11: 30.136638 | AX11: 1051.2632 | AY11: 67693.958 | AZ11: 3.7911879 | BA11: 32.453493 | BB11: 8.8532852 | BC11: 1.3616188 | BD11: 2.9045034 | BE11: 2.7028238 | BF11: =H11*5993.43-AY11 -> -23042.905 | BI11: =6797*Z11 - AX11 -> -1051.2632 | BJ11: =BI11/AX11*100 -> -100 | BK11: ='для графера'!F37/'для графера'!N37 -> 9.0513542 | BL11: ='для графера'!F37/'для графера'!B37 -> 0.25972136 | BM11: =AW11/AQ11 -> 28.268811 | BN11: ='для графера'!B37/'для графера'!N37 -> 34.850249 | BO11: =AV11/AP11 -> 78.46307
A12: 19ТР-9 | C12: 45 | D12: 35.58 | E12: 17 | F12: 66 | G12: 35.58 | H12: 1.62 | I12: 2.52 | K12: 23.08 | L12: 0.17 | M12: 0.07 | N12: 32.94 | P12: 0.09 | AC12: 97.33 | AD12: 120.67089 | AE12: 97.974972 | AF12: 816.27666 | AG12: 58.95899 | AH12: 152.16439 | AI12: 8.9608948 | AJ12: 39.111367 | AK12: 3.739763 | AL12: 3.3102606 | AM12: 2.7292877 | AN12: 10.315903 | AO12: 1.4674208 | AP12: 2.4100091 | AQ12: 0.99705084 | AR12: 4.8853062 | AS12: 4.2683776 | AT12: 68.285755 | AU12: 79.83491 | AV12: 133.12032 | AW12: 25.899123 | AX12: 418.53212 | AY12: 9877.7362 | AZ12: 17.763153 | BA12: 11.869815 | BB12: 5.8044676 | BC12: 2.2049916 | BD12: 2.2695313 | BE12: 3.2737241 | BF12: =H12*5993.43-AY12 -> -168.37963 | BI12: =6797*Z12 - AX12 -> -418.53212 | BJ12: =BI12/AX12*100 -> -100 | BK12: ='для графера'!F38/'для графера'!N38 -> 4.5154592 | BL12: ='для графера'!F38/'для графера'!B38 -> 0.17386632 | BM12: =AW12/AQ12 -> 25.97573 | BN12: ='для графера'!B38/'для графера'!N38 -> 25.970868 | BO12: =AV12/AP12 -> 55.236442
A13: 19ТР-12 | C13: 15 | D13: 28.21 | E13: 18 | F13: 67 | G13: 28.21 | H13: 14.97 | I13: 2.29 | K13: 19.74 | M13: 0.39 | N13: 31.74 | P13: 0.18 | W13: 0 | Z13: 0.29 | AC13: 98.91 | AD13: 11.627278 | AE13: 3.446909 | AF13: 500.18369 | AG13: 1272.3555 | AH13: 422.2581 | AI13: 69.428906 | AJ13: 165.19086 | AK13: 15.875358 | AL13: 15.013055 | AM13: 31.533989 | AN13: 19.857099 | AO13: 7.7801906 | AP13: 18.564142 | AQ13: 5.4273051 | AR13: 30.615247 | AS13: 19.428172 | AT13: 391.58211 | AU13: 86.945288 | AV13: 567.37414 | AW13: 112.37979 | AX13: 899.61967 | AY13: 75529.288 | AZ13: 5.3276993 | BA13: 27.242898 | BB13: 44.003416 | BC13: 7.4592621 | BD13: 18.785499 | BE13: 12.017833 | BF13: =H13*5993.43-AY13 -> 14192.359 | BI13: =6797*Z13 - AX13 -> 1071.5103 | BJ13: =BI13/AX13*100 -> 119.10704 | BK13: ='для графера'!F39/'для графера'!N39 -> 10.341938 | BL13: ='для графера'!F39/'для графера'!B39 -> 1.2369473 | BM13: =AW13/AQ13 -> 20.70637 | BN13: ='для графера'!B39/'для графера'!N39 -> 8.3608563 | BO13: =AV13/AP13 -> 30.562907
A14: 19ТР-12 | C14: 17 | D14: 29.01 | E14: 18 | F14: 68 | G14: 29.01 | H14: 13.38 | I14: 2.31 | K14: 20.38 | M14: 0.39 | N14: 31.89 | P14: 0.19 | W14: 0.21 | Z14: 0.31 | AC14: 99.13 | AD14: 19.738275 | AE14: 10.926493 | AF14: 795.8279 | AG14: 496.65317 | AH14: 80.559283 | AI14: 13.09262 | AJ14: 34.03186 | AK14: 3.2789355 | AL14: 3.3506098 | AM14: 11.613744 | AN14: 2.5772759 | AO14: 1.1903946 | AP14: 2.7373581 | AQ14: 0.94728371 | AR14: 4.9551234 | AS14: 3.5172637 | AT14: 74.691446 | AU14: 22.979261 | AV14: 90.632215 | AW14: 21.043958 | AX14: 185.01329 | AY14: 14970.99 | AZ14: 5.4972745 | BA14: 13.450927 | BB14: 7.5139897 | BC14: 1.5352522 | BD14: 3.5190589 | BE14: 2.5563113 | BF14: =H14*5993.43-AY14 -> 65221.103 | BG14: =W14*8701-AG14 -> 1330.5568 | BH14: =BG14/AG14*100 -> 267.90463 | BI14: =6797*Z14 - AX14 -> 1922.0567 | BJ14: =BI14/AX14*100 -> 1038.8749 | BK14: ='для графера'!F40/'для графера'!N40 -> 9.475548 | BL14: ='для графера'!F40/'для графера'!B40 -> 0.88256645 | BM14: =AW14/AQ14 -> 22.215053 | BN14: ='для графера'!B40/'для графера'!N40 -> 10.736356 | BO14: =AV14/AP14 -> 33.109374
A15: 19ТР-18 | C15: 1 | D15: 33.3 | E15: 19 | F15: 69 | G15: 33.3 | H15: 8.53 | I15: 1.3 | K15: 20.68 | L15: 0.55 | M15: 0.51 | N15: 32.07 | P15: 0.5 | W15: 0 | X15: 0.23 | AC15: 97.68 | AD15: 25.211637 | AE15: 3.4268815 | AF15: 250.0105 | AG15: 4673.9027 | AH15: 309.91077 | AI15: 50.105502 | AJ15: 129.87821 | AK15: 38.620265 | AL15: 47.204907 | AM15: 85.43662 | AN15: 5.9448778 | AO15: 8.5338082 | AP15: 21.591096 | AQ15: 11.057827 | AR15: 54.477679 | AS15: 17.552605 | AT15: 209.81589 | AU15: 125.31861 | AV15: 3146.9932 | AW15: 338.06472 | AX15: 3037.1376 | AY15: 92815.658 | AZ15: 9.8273925 | BA15: 141.62801 | BB15: 44.286034 | BC15: 38.244047 | BD15: 17.324153 | BE15: 35.062822 | BF15: =H15*5993.43-AY15 -> -41691.7 | BK15: ='для графера'!F41/'для графера'!N41 -> 1.4557241 | BL15: ='для графера'!F41/'для графера'!B41 -> 0.61933664 | BM15: =AW15/AQ15 -> 30.572437 | BN15: ='для графера'!B41/'для графера'!N41 -> 2.3504569 | BO15: =AV15/AP15 -> 145.75421
A16: 19ТР-18 | C16: 3 | D16: 34.63 | E16: 19 | F16: 70 | G16: 34.63 | H16: 2.52 | I16: 0.62 | K16: 25.55 | L16: 0.06 | M16: 0.42 | N16: 32.49 | P16: 0.19 | W16: 0 | X16: 0 | AC16: 96.51 | AD16: 33.317293 | AE16: -12.417014 | AF16: 159.87472 | AG16: 696.98624 | AH16: 42.910361 | AI16: 8.4448085 | AJ16: 18.913392 | AK16: 4.7579841 | AL16: 4.6504863 | AM16: 13.598604 | AN16: 2.9711835 | AO16: 1.1871599 | AP16: 1.22963 | AQ16: 1.5960987 | AR16: 7.325058 | AS16: 2.8550013 | AT16: 35.287657 | AU16: 12.940779 | AV16: 214.44473 | AW16: 37.542993 | AX16: 2264.2389 | AY16: 24008.896 | AZ16: 4.2781321 | BA16: 67.097933 | BB16: 8.9852694 | BC16: 3.546061 | BD16: 2.711202 | BE16: 4.20125 | BF16: =H16*5993.43-AY16 -> -8905.4522 | BK16: ='для графера'!F42/'для графера'!N42 -> 2.6460686 | BL16: ='для графера'!F42/'для графера'!B42 -> 1.010849 | BM16: =AW16/AQ16 -> 23.521723 | BN16: ='для графера'!B42/'для графера'!N42 -> 2.6176694 | BO16: =AV16/AP16 -> 174.39777
A17: 19ТР-18 | C17: 11 | D17: 28.37 | E17: 20 | F17: 71 | G17: 28.37 | H17: 17.48 | I17: 0.78 | K17: 17.73 | L17: 1.09 | M17: 0.41 | N17: 31.13 | P17: 0.47 | W17: 0.52 | X17: 0.44 | AC17: 98.41 | AD17: 16.828483 | AE17: -7.8980637 | AF17: 354.36418 | AG17: 8252.0044 | AH17: 514.39341 | AI17: 109.17764 | AJ17: 257.81043 | AK17: 70.249815 | AL17: 72.01768 | AM17: 118.24257 | AN17: 16.40806 | AO17: 12.592618 | AP17: 43.093545 | AQ17: 20.609464 | AR17: 97.341864 | AS17: 35.71683 | AT17: 386.36411 | AU17: 170.50923 | AV17: 4643.1749 | AW17: 541.50899 | AX17: 653.36166 | AY17: 155343.37 | AZ17: 8.95481 | BA17: 38.157365 | BB17: 116.53616 | BC17: 48.694135 | BD17: 36.098421 | BE17: 62.837154 | BF17: =H17*5993.43-AY17 -> -50578.212 | BG17: =W17*8701-AG17 -> -3727.4844 | BH17: =BG17/AG17*100 -> -45.170655 | BK17: ='для графера'!F43/'для графера'!N43 -> 2.4912341 | BL17: ='для графера'!F43/'для графера'!B43 -> 0.99184254 | BM17: =AW17/AQ17 -> 26.274773 | BN17: ='для графера'!B43/'для графера'!N43 -> 2.5117234 | BO17: =AV17/AP17 -> 107.74641
A18: 19ТР-18 | C18: 12 | D18: 27.19 | E18: 20 | F18: 72 | G18: 27.19 | H18: 18.58 | I18: 0.97 | K18: 17.07 | L18: 1.32 | M18: 0.37 | N18: 31.21 | P18: 0.39 | W18: 0.76 | X18: 0.29 | AC18: 98.16 | AD18: 17.499474 | AE18: 7.7176914 | AF18: 353.49798 | AG18: 8953.2926 | AH18: 482.81437 | AI18: 126.7816 | AJ18: 281.8801 | AK18: 96.315236 | AL18: 104.76118 | AM18: 168.1849 | AN18: 11.453377 | AO18: 10.346472 | AP18: 45.339978 | AQ18: 29.540593 | AR18: 143.08909 | AS18: 47.37855 | AT18: 417.00786 | AU18: 158.46151 | AV18: 3137.9957 | AW18: 768.04133 | AX18: 590.70417 | AY18: 161983.12 | AZ18: 10.16289 | BA18: 30.833656 | BB18: 130.22321 | BC18: 78.436418 | BD18: 47.26516 | BE18: 86.609531 | BF18: =H18*5993.43-AY18 -> -50625.193 | BG18: =W18*8701-AG18 -> -2340.5326 | BH18: =BG18/AG18*100 -> -26.141585 | BK18: ='для графера'!F44/'для графера'!N44 -> 1.7959571 | BL18: ='для графера'!F44/'для графера'!B44 -> 1.2393367 | BM18: =AW18/AQ18 -> 25.999523 | BN18: ='для графера'!B44/'для графера'!N44 -> 1.4491276 | BO18: =AV18/AP18 -> 69.210349
A19: 19ТР-18 | C19: 13 | D19: 30.62 | E19: 20 | F19: 73 | G19: 30.62 | H19: 13.38 | I19: 0.79 | K19: 18.86 | L19: 0.77 | M19: 0.4 | N19: 32.63 | P19: 0.46 | W19: 0.52 | X19: 0.4 | AC19: 98.83 | AD19: 22.906804 | AE19: -360.75597 | AF19: 12160.476 | AG19: 7061.1784 | AH19: 584.04861 | AI19: 80.434363 | AJ19: 220.71931 | AK19: 58.268804 | AL19: 72.883443 | AM19: 133.17051 | AN19: 7.9918879 | AO19: 19.130986 | AP19: 25.282921 | AQ19: 16.950913 | AR19: 81.493515 | AS19: 37.891985 | AT19: 291.54754 | AU19: 350.47007 | AV19: 4707.2347 | AW19: 485.49916 | AX19: 3430.6765 | AY19: 156306.31 | AZ19: 23.091757 | BA19: 78.11808 | BB19: 75.680526 | BC19: 56.248096 | BD19: 28.595386 | BE19: 52.39686 | BF19: =H19*5993.43-AY19 -> -76114.219 | BG19: =W19*8701-AG19 -> -2536.6584 | BH19: =BG19/AG19*100 -> -35.92401 | BK19: ='для графера'!F45/'для графера'!N45 -> 1.5888807 | BL19: ='для графера'!F45/'для графера'!B45 -> 0.35550655 | BM19: =AW19/AQ19 -> 28.641476 | BN19: ='для графера'!B45/'для графера'!N45 -> 4.469343 | BO19: =AV19/AP19 -> 186.18239
A20: 19ТР-18 | C20: 14 | D20: 34.92 | E20: 20 | F20: 74 | G20: 34.92 | H20: 3.15 | I20: 2.17 | K20: 22.62 | L20: 0.47 | M20: 0.4 | N20: 32.29 | P20: 0.3 | W20: 0 | X20: 0 | AC20: 96.38 | AD20: 69.045192 | AE20: 37.715278 | AF20: 271.99034 | AG20: 2203.068 | AH20: 175.24994 | AI20: 32.299503 | AJ20: 79.285201 | AK20: 22.297901 | AL20: 27.379215 | AM20: 41.44299 | AN20: 3.5509362 | AO20: 4.3589131 | AP20: 5.9605493 | AQ20: 6.2820708 | AR20: 30.827835 | AS20: 11.422916 | AT20: 127.71344 | AU20: 65.668437 | AV20: 1073.9874 | AW20: 205.20932 | AX20: 2580.0442 | AY20: 28635.597 | AZ20: 21.042483 | BA20: 47.332086 | BB20: 30.165667 | BC20: 21.292759 | BD20: 10.300473 | BE20: 20.182742 | BF20: =H20*5993.43-AY20 -> -9756.2924 | BK20: ='для графера'!F46/'для графера'!N46 -> 1.6854714 | BL20: ='для графера'!F46/'для графера'!B46 -> 0.76189666 | BM20: =AW20/AQ20 -> 32.665872 | BN20: ='для графера'!B46/'для графера'!N46 -> 2.2122047 | BO20: =AV20/AP20 -> 180.18262
A21: 19ТР-18 | C21: 16 | D21: 28.28 | E21: 21 | F21: 75 | G21: 28.28 | H21: 17.24 | I21: 0.76 | K21: 17.8 | L21: 1.14 | M21: 0.41 | N21: 31.15 | P21: 0.47 | W21: 0.59 | X21: 0.48 | AC21: 98.3 | AD21: 21.145436 | AE21: 13.22042 | AF21: 401.76143 | AG21: 6770.9198 | AH21: 387.62676 | AI21: 95.506861 | AJ21: 214.83012 | AK21: 57.591841 | AL21: 64.096595 | AM21: 120.48435 | AN21: 11.100646 | AO21: 10.16145 | AP21: 36.135517 | AQ21: 17.872781 | AR21: 87.725785 | AS21: 31.25823 | AT21: 310.99156 | AU21: 123.35785 | AV21: 3233.7511 | AW21: 477.06804 | AX21: 1018.9027 | AY21: 119980.17 | AZ21: 6.6425869 | BA21: 85.926345 | BB21: 92.57054 | BC21: 45.535683 | BD21: 31.346846 | BE21: 51.154896 | BF21: =H21*5993.43-AY21 -> -16653.433 | BG21: =W21*8701-AG21 -> -1637.3298 | BH21: =BG21/AG21*100 -> -24.181793 | BK21: ='для графера'!F47/'для графера'!N47 -> 2.3304522 | BL21: ='для графера'!F47/'для графера'!B47 -> 1.1992913 | BM21: =AW21/AQ21 -> 26.692435 | BN21: ='для графера'!B47/'для графера'!N47 -> 1.9431911 | BO21: =AV21/AP21 -> 89.48955
A22: 19ТР-18 | C22: 17 | D22: 35.04 | E22: 21 | F22: 76 | G22: 35.04 | H22: 2.54 | I22: 2.28 | K22: 23.16 | L22: 0.39 | M22: 0.39 | N22: 32.4 | P22: 0.26 | W22: 0 | X22: 0 | AC22: 96.5 | AD22: 27.829694 | AE22: 2.7445869 | AF22: 217.71358 | AG22: 2415.2677 | AH22: 318.16057 | AI22: 42.130249 | AJ22: 116.25567 | AK22: 25.547944 | AL22: 27.078653 | AM22: 40.432943 | AN22: 6.0178326 | AO22: 7.2860456 | AP22: 11.421512 | AQ22: 7.3478149 | AR22: 36.520774 | AS22: 13.2316 | AT22: 195.82581 | AU22: 111.92299 | AV22: 1541.0222 | AW22: 231.27585 | AX22: 2787.8035 | AY22: 53028.989 | AZ22: 6.8537059 | BA22: 204.91441 | BB22: 37.624719 | BC22: 19.873483 | BD22: 12.975295 | BE22: 22.883521 | BF22: =H22*5993.43-AY22 -> -37805.677 | BK22: ='для графера'!F48/'для графера'!N48 -> 2.3554697 | BL22: ='для графера'!F48/'для графера'!B48 -> 0.58308468 | BM22: =AW22/AQ22 -> 31.47546 | BN22: ='для графера'!B48/'для графера'!N48 -> 4.03967 | BO22: =AV22/AP22 -> 134.92279
A23: 19ТР-4 | C23: 1 | D23: 25.48 | E23: 22 | F23: 77 | G23: 25.48 | H23: 15.39 | I23: 1.26 | K23: 17.4 | L23: 1.65 | M23: 0.41 | N23: 30.36 | P23: 0.48 | Q23: 0 | U23: 0 | W23: 5.3 | X23: 0 | Y23: 0 | AC23: 97.73 | AD23: 21.155449 | AE23: 4.7988572 | AF23: 201.72298 | AG23: 63250.07 | AH23: 217.30704 | AI23: 167.31713 | AJ23: 364.92042 | AK23: 344.63183 | AL23: 379.97022 | AM23: 1128.028 | AN23: 1.8128954 | AO23: 4.329425 | AP23: 64.831413 | AQ23: 97.56413 | AR23: 428.42099 | AS23: 74.975128 | AT23: 303.05699 | AU23: 55.227439 | AV23: 283.54327 | AW23: 2660.626 | AX23: 766.52651 | AY23: 155640.11 | AZ23: 5.3177391 | BA23: 29.233751 | BB23: 260.01303 | BC23: 318.92862 | BD23: 74.663187 | BE23: 329.30006 | BF23: =H23*5993.43-AY23 -> -63401.226 | BG23: =W23*8701-AG23 -> -17134.77 | BH23: =BG23/AG23*100 -> -27.090516 | BK23: ='для графера'!F49/'для графера'!N49 -> 0.58291391 | BL23: ='для графера'!F49/'для графера'!B49 -> 4.6929122 | BM23: =AW23/AQ23 -> 27.270535 | BN23: ='для графера'!B49/'для графера'!N49 -> 0.12421155 | BO23: =AV23/AP23 -> 4.3735476
A24: 19ТР-4 | C24: 2 | D24: 30.02 | E24: 22 | F24: 78 | G24: 30.02 | H24: 10.95 | I24: 1.47 | K24: 21.23 | L24: 1.11 | M24: 0.32 | N24: 32.19 | P24: 0.16 | Q24: 0 | U24: 0 | W24: 0 | X24: 0 | Y24: 0 | AC24: 97.44 | AD24: 24.128174 | AE24: 1.7206264 | AF24: 37.874223 | AG24: 4692.2572 | AH24: 282.15098 | AI24: 88.127256 | AJ24: 192.33135 | AK24: 38.16442 | AL24: 39.063105 | AM24: 73.986058 | AN24: 4.0096311 | AO24: 4.5018028 | AP24: 7.9857191 | AQ24: 11.541218 | AR24: 59.564952 | AS24: 25.409593 | AT24: 344.69829 | AU24: 45.106601 | AV24: 346.14573 | AW24: 299.00472 | AX24: 727.38314 | AY24: 31898.459 | AZ24: 3.4154736 | BA24: 3.1342608 | BB24: 82.234482 | BC24: 21.948699 | BD24: 25.595278 | BE24: 32.908536 | BF24: =H24*5993.43-AY24 -> 33729.6 | BK24: ='для графера'!F50/'для графера'!N50 -> 4.4612747 | BL24: ='для графера'!F50/'для графера'!B50 -> 3.0264051 | BM24: =AW24/AQ24 -> 25.907552 | BN24: ='для графера'!B50/'для графера'!N50 -> 1.4741168 | BO24: =AV24/AP24 -> 43.345593
A25: 19ТР-4 | C25: 25 | D25: 31.95 | E25: 23 | F25: 79 | G25: 31.95 | H25: 8.4 | I25: 1.97 | K25: 22.04 | L25: 0.96 | M25: 0.22 | N25: 32.74 | P25: 0.14 | Q25: 0 | U25: 0 | W25: 0 | X25: 0 | Y25: 0.23 | AC25: 98.66 | AD25: 26.824959 | AE25: 11.555289 | AF25: 308.32914 | AG25: 75783.192 | AH25: 172.23304 | AI25: 204.58702 | AJ25: 450.04944 | AK25: 519.80649 | AL25: 605.39554 | AM25: 1305.4875 | AN25: 1.3830422 | AO25: 5.7972277 | AP25: 90.861199 | AQ25: 140.11129 | AR25: 618.74001 | AS25: 95.115768 | AT25: 288.42039 | AU25: 39.873802 | AV25: 262.13161 | AW25: 4068.8842 | AX25: 1088.1476 | AY25: 205232.35 | AZ25: 3.3370304 | BA25: 27.812966 | BB25: 366.66404 | BC25: 528.36255 | BD25: 94.672837 | BE25: 500.36581 | BF25: =H25*5993.43-AY25 -> -154887.53 | BK25: ='для графера'!F51/'для графера'!N51 -> 0.43023283 | BL25: ='для графера'!F51/'для графера'!B51 -> 7.9478077 | BM25: =AW25/AQ25 -> 29.040373 | BN25: ='для графера'!B51/'для графера'!N51 -> 0.054132264 | BO25: =AV25/AP25 -> 2.8849675

Sheet Таблица полная Cpx
A1: № образца | B1: порода | C1: №анализа EPMA | D1: SiO2 | E1: кружок | F1: точка_SIMS | G1: Spectrum | H1: Na | I1: Mg | J1: Al | K1: Si | L1: Ca | M1: Ti | N1: V | O1: Cr | P1: Mn | Q1: Fe | R1: Zr | S1: Ba | T1: S | U1: K | V1: Total | W1: 085Rb | X1: 087Rb_str | Y1: 088Sr | Z1: 090Zr | AA1: 140Ce | AB1: 149Sm | AC1: 158Gd | AD1: 167Er | AE1: 174Yb | AF1: 178Hf | AG1: 232Th | AH1: 238U | AI1: 181Ta | AJ1: 165Ho | AK1: 163Dy | AL1: 153Eu | AM1: 143Nd | AN1: 139La | AO1: 093Nb | AP1: 089Y | AQ1: 051V | AR1: 047Ti | AS1: 011B | AT1: 007Li | AU1: 158Gd str | AV1: 174Yb str | AW1: 153Eu str | AX1: 167Er str | AY1: delta Ti
A2: 18КЛ-08 | B2: айликит | C2: 1 | D2: 50.96 | E2: 1 | F2: 1 | G2: Sp 1-2 | H2: 1 | I2: 14.77 | J2: 4.8 | K2: 50.96 | L2: 21.64 | M2: 0.96 | O2: 0.32 | Q2: 5.4 | V2: 99.83 | W2: 6.2697571 | X2: -0.60671241 | Y2: 113.75456 | Z2: 39.586397 | AA2: 12.647466 | AB2: 2.5053689 | AC2: 5.1774419 | AD2: 0.69868289 | AE2: 0.73324747 | AF2: 2.4875661 | AG2: 0.039000265 | AH2: 0.022241212 | AI2: 0.1309343 | AJ2: 0.25391919 | AK2: 1.3634113 | AL2: 0.73207148 | AM2: 10.799938 | AN2: 3.2043013 | AO2: 0.5300223 | AP2: 4.4324983 | AQ2: 191.49396 | AR2: 5715.7053 | AS2: 1.8559861 | AT2: 0.87545848 | AU2: 2.4135607 | AV2: 0.41658689 | AW2: 0.72101103 | AX2: 0.55062626 | AY2: =M2*47.9*10000/(47.9+32)-AR2 -> 39.488665 | AZ2: =AY2*100/AR2 -> 0.69088
A3: 18КЛ-08 | C3: 4 (2) | D3: 44.88 | E3: 1 | F3: 2 | G3: Spectrum 2 | H3: 0.46 | I3: 12.34 | J3: 8.9 | K3: 44.88 | L3: 23.95 | M3: 3.54 | N3: 0 | O3: 0 | P3: 0.13 | Q3: 6.89 | R3: 0 | V3: 101.09 | W3: 6.8972287 | X3: -0.86126702 | Y3: 273.56103 | Z3: 534.1578 | AA3: 88.289068 | AB3: 12.269172 | AC3: 26.614827 | AD3: 2.2905893 | AE3: 2.3297069 | AF3: 26.724452 | AG3: 0.47294362 | AH3: 0.050653109 | AI3: 1.4762627 | AJ3: 0.79349072 | AK3: 4.4652715 | AL3: 3.1153266 | AM3: 63.531533 | AN3: 26.983289 | AO3: 5.9479744 | AP3: 13.988313 | AQ3: 126.40396 | AR3: 21507.626 | AS3: 2.6575017 | AT3: 1.9612598 | AU3: 8.6175257 | AV3: 1.127047 | AW3: 3.1297645 | AX3: 1.6479051 | AY3: =M3*47.9*10000/(47.9+32)-AR3 -> -285.34847 | AZ3: =AY3*100/AR3 -> -1.3267316
A4: 18КЛ-08 | C4: 30 | D4: 51.06 | E4: 2 | F4: 3 | G4: Sp 30-2 | H4: 0.87 | I4: 15.2 | J4: 4.41 | K4: 51.06 | L4: 21.88 | M4: 0.94 | O4: 0.46 | Q4: 4.74 | V4: 99.55 | W4: 5.317139 | X4: -4.9107492 | Y4: 147.0874 | Z4: 42.244422 | AA4: 15.399267 | AB4: 2.9392133 | AC4: 5.7556148 | AD4: 0.71409898 | AE4: 0.87152783 | AF4: 2.4842751 | AG4: 0.1088788 | AH4: 0.028330791 | AI4: 0.21174345 | AJ4: 0.25583037 | AK4: 1.5000172 | AL4: 0.85420325 | AM4: 12.773196 | AN4: 4.4122337 | AO4: 1.1821999 | AP4: 5.0679038 | AQ4: 165.64324 | AR4: 5665.4576 | AS4: 3.3167497 | AT4: 1.0150536 | AU4: 1.83578 | AV4: 0.58841221 | AW4: 0.80161229 | AX4: 0.54949122 | AY4: =M4*47.9*10000/(47.9+32)-AR4 -> -30.163449 | AZ4: =AY4*100/AR4 -> -0.53240977
A5: 18КЛ-08 | C5: 34 | D5: 42.8 | E5: 2 | F5: 4 | G5: Sp 34-2 | H5: 0.49 | I5: 11.39 | J5: 9.2 | K5: 42.8 | L5: 23.34 | M5: 4.2 | Q5: 7.59 | V5: 99.02 | W5: 7.466467 | X5: 0.4489883 | Y5: 233.4751 | Z5: 387.9352 | AA5: 79.562728 | AB5: 11.2969 | AC5: 26.046133 | AD5: 2.2041447 | AE5: 2.4055674 | AF5: 18.358042 | AG5: 0.68480162 | AH5: 0.035635398 | AI5: 1.0411566 | AJ5: 0.74374999 | AK5: 4.3181595 | AL5: 3.0078567 | AM5: 60.870966 | AN5: 24.218171 | AO5: 4.6954123 | AP5: 13.977072 | AQ5: 123.65221 | AR5: 17654.302 | AS5: 2.1783497 | AT5: 1.2713946 | AU5: 7.4875038 | AV5: 1.2497233 | AW5: 2.9869709 | AX5: 1.5907826 | AY5: =M5*47.9*10000/(47.9+32)-AR5 -> 7524.6713 | AZ5: =AY5*100/AR5 -> 42.622309
A6: 18КЛ-17 | B6: мела-айликит | C6: 47 | D6: 52.2 | E6: 3 | F6: 5 | G6: 47 | H6: 0.72 | I6: 15.64 | J6: 3.21 | K6: 52.2 | L6: 21.95 | M6: 0.51 | N6: 0.07 | O6: 0.18 | P6: 0.14 | Q6: 4.85 | R6: 0 | V6: 99.47 | W6: 5.7241321 | X6: 0.090510055 | Y6: 179.41818 | Z6: 35.832585 | AA6: 23.590693 | AB6: 4.3341367 | AC6: 9.167819 | AD6: 0.99193093 | AE6: 1.0501776 | AF6: 2.1955887 | AG6: 0.080380048 | AH6: 0.028484865 | AI6: 0.20494724 | AJ6: 0.35360237 | AK6: 2.0152786 | AL6: 1.2366152 | AM6: 19.330848 | AN6: 6.7395975 | AO6: 1.2648833 | AP6: 6.4987432 | AQ6: 166.70505 | AR6: 3437.3159 | AS6: 3.0752481 | AT6: 2.9518066 | AU6: 3.6462738 | AV6: 0.51292301 | AW6: 1.2202353 | AX6: 0.74136067 | AY6: =M6*47.9*10000/(47.9+32)-AR6 -> -379.86906 | AZ6: =AY6*100/AR6 -> -11.051328
A7: 18КЛ-17 | C7: 46 | D7: 51.81 | E7: 3 | F7: 6 | G7: 46 | H7: 0.77 | I7: 15.61 | J7: 3.11 | K7: 51.81 | L7: 21.85 | M7: 0.65 | N7: 0 | O7: 1.08 | P7: 0.12 | Q7: 4.35 | R7: 0 | V7: 99.47 | W7: 5.3678865 | X7: -3.5747287 | Y7: 178.14837 | Z7: 40.454051 | AA7: 24.396056 | AB7: 4.1570711 | AC7: 8.9022251 | AD7: 0.9824852 | AE7: 1.0308241 | AF7: 2.3354505 | AG7: 0.13691393 | AH7: 0.033814344 | AI7: 0.20939139 | AJ7: 0.35905739 | AK7: 2.13034 | AL7: 1.2662844 | AM7: 19.305111 | AN7: 7.6189082 | AO7: 1.9654638 | AP7: 6.9891741 | AQ7: 151.76138 | AR7: 4187.4483 | AS7: 3.6061109 | AT7: 4.132797 | AU7: 3.9142167 | AV7: 0.52250773 | AW7: 1.1962598 | AX7: 0.73683821 | AY7: =M7*47.9*10000/(47.9+32)-AR7 -> -290.70239 | AZ7: =AY7*100/AR7 -> -6.9422323
A8: 18КЛ-17 | C8: 45 | D8: 46.89 | E8: 3 | F8: 7 | G8: 45 | H8: 0.38 | I8: 13.48 | J8: 6.2 | K8: 46.89 | L8: 23.89 | M8: 2.35 | N8: 0 | O8: 0 | P8: 0 | Q8: 6.09 | R8: 0 | V8: 99.28 | W8: 7.0661401 | X8: 2.0201758 | Y8: 321.79407 | Z8: 338.10856 | AA8: 76.497649 | AB8: 10.725516 | AC8: 25.065418 | AD8: 2.2048777 | AE8: 2.3477336 | AF8: 15.374663 | AG8: 0.33805237 | AH8: 0.053797336 | AI8: 0.97360095 | AJ8: 0.78676217 | AK8: 4.2638078 | AL8: 2.9941969 | AM8: 61.724435 | AN8: 25.476114 | AO8: 5.0520723 | AP8: 14.183493 | AQ8: 108.36753 | AR8: 15491.642 | AS8: 3.1126163 | AT8: 0.63669521 | AU8: 6.9735429 | AV8: 1.2767744 | AW8: 2.9502012 | AX8: 1.5990661 | AY8: =M8*47.9*10000/(47.9+32)-AR8 -> -1403.4064 | AZ8: =AY8*100/AR8 -> -9.05912
A9: 18КЛ-17 | C9: 43 | D9: 47.97 | E9: 3 | F9: 8 | G9: 43 | H9: 0.4 | I9: 13.73 | J9: 5.59 | K9: 47.97 | L9: 23.82 | M9: 2.07 | N9: 0 | O9: 0 | P9: 0.14 | Q9: 5.93 | R9: 0 | V9: 99.66 | W9: 6.5248333 | X9: 2.6322442 | Y9: 296.40007 | Z9: 273.83004 | AA9: 67.822171 | AB9: 10.119292 | AC9: 23.831064 | AD9: 2.1328826 | AE9: 2.2971071 | AF9: 12.327008 | AG9: 0.26202198 | AH9: 0.026726825 | AI9: 0.64045729 | AJ9: 0.72667765 | AK9: 4.2906801 | AL9: 2.6841933 | AM9: 51.143521 | AN9: 22.015718 | AO9: 2.447026 | AP9: 13.586642 | AQ9: 84.927853 | AR9: 11294.279 | AS9: 3.9621413 | AT9: 0.49489563 | AU9: 7.7114234 | AV9: 1.1327748 | AW9: 2.6409883 | AX9: 1.5905666 | AY9: =M9*47.9*10000/(47.9+32)-AR9 -> 1115.3583 | AZ9: =AY9*100/AR9 -> 9.875427
A10: 18КЛ-17 | C10: 35 | D10: 52.29 | E10: 4 | F10: 9 | G10: 35 | H10: 0.83 | I10: 15.85 | J10: 2.42 | K10: 52.29 | L10: 21.84 | M10: 0.59 | N10: 0 | O10: 0.5 | P10: 0.11 | Q10: 4.5 | R10: 0 | V10: 98.94 | W10: 5.3584004 | X10: -2.0369445 | Y10: 151.26007 | Z10: 30.012708 | AA10: 20.474902 | AB10: 3.258695 | AC10: 6.8377719 | AD10: 0.85417435 | AE10: 0.92734691 | AF10: 2.1311603 | AG10: 0.21705619 | AH10: 0.04975449 | AI10: 0.20811568 | AJ10: 0.30495064 | AK10: 1.9015377 | AL10: 1.1508779 | AM10: 18.112327 | AN10: 7.6838488 | AO10: 1.83354 | AP10: 6.0432252 | AQ10: 181.16753 | AR10: 4479.4553 | AS10: 8.906436 | AT10: 1.1529294 | AU10: 1.7717787 | AV10: 0.66723031 | AW10: 1.072706 | AX10: 0.63389861 | AY10: =M10*47.9*10000/(47.9+32)-AR10 -> -942.40897 | AZ10: =AY10*100/AR10 -> -21.038473
A11: 18КЛ-17 | C11: 36 | D11: 52.53 | E11: 4 | F11: 10 | G11: 36 | H11: 0.88 | I11: 15.79 | J11: 2.35 | K11: 52.53 | L11: 21.77 | M11: 0.55 | N11: 0 | O11: 0.61 | P11: 0.15 | Q11: 4.42 | R11: 0 | V11: 99.06 | W11: 6.1968263 | X11: 2.8103096 | Y11: 178.72574 | Z11: 45.055448 | AA11: 23.457566 | AB11: 3.6047868 | AC11: 7.1424107 | AD11: 0.87360241 | AE11: 0.83450126 | AF11: 1.8911827 | AG11: 0.29455357 | AH11: 0.40278415 | AI11: 0.19939966 | AJ11: 0.27846157 | AK11: 1.699415 | AL11: 1.0563291 | AM11: 16.178842 | AN11: 7.5193613 | AO11: 6.356972 | AP11: 5.52436 | AQ11: 133.31578 | AR11: 3758.1208 | AS11: 31.340946 | AT11: 3.7638965 | AU11: 2.7784551 | AV11: 0.47981463 | AW11: 1.009546 | AX11: 0.66629632 | AY11: =M11*47.9*10000/(47.9+32)-AR11 -> -460.8742 | AZ11: =AY11*100/AR11 -> -12.263422
A12: 18КЛ-17 | C12: 37 | D12: 49.29 | E12: 4 | F12: 11 | G12: 37 | H12: 0.47 | I12: 14.36 | J12: 4.39 | K12: 49.29 | L12: 23.59 | M12: 1.5 | N12: 0 | O12: 0.47 | P12: 0.07 | Q12: 5.17 | R12: 0 | V12: 99.32 | W12: 7.9951992 | X12: -4.1410276 | Y12: 311.90671 | Z12: 497.75147 | AA12: 103.63148 | AB12: 15.840966 | AC12: 33.985356 | AD12: 2.9897178 | AE12: 3.3919433 | AF12: 23.705347 | AG12: 0.7034637 | AH12: 0.020465832 | AI12: 1.3912296 | AJ12: 1.0418337 | AK12: 6.3294663 | AL12: 4.0152315 | AM12: 78.930718 | AN12: 32.152854 | AO12: 5.6717566 | AP12: 19.498347 | AQ12: 110.95856 | AR12: 16514.57 | AS12: 4.7216868 | AT12: 0.62117677 | AU12: 11.980495 | AV12: 1.7131512 | AW12: 4.003315 | AX12: 2.1676537 | AY12: =M12*47.9*10000/(47.9+32)-AR12 -> -7522.0795 | AZ12: =AY12*100/AR12 -> -45.54814
A13: 19КЛ-23 | B13: мончикит | C13: 1 | D13: 50.73 | E13: 5 | F13: 12 | G13: 1 | H13: 1.65 | I13: 11.21 | J13: 5.04 | K13: 50.73 | L13: 20.16 | M13: 0.61 | O13: 0.13 | P13: 0.16 | Q13: 10.15 | V13: 99.82 | W13: 12.199805 | X13: 1.1584811 | Y13: 42.067918 | Z13: 86.043605 | AA13: 81.564503 | AB13: 19.72166 | AC13: 36.936698 | AD13: 1.9131338 | AE13: 2.5116132 | AF13: 5.9260276 | AG13: 0.060300038 | AH13: 0.030565515 | AI13: 0.28914508 | AJ13: 0.87673605 | AK13: 6.3307521 | AL13: 2.9229416 | AM13: 89.699342 | AN13: 14.990774 | AO13: 0.24494972 | AP13: 14.025102 | AQ13: 457.55128 | AR13: 3888.3338 | AS13: 1.8130521 | AT13: 38.631133 | AU13: 13.408921 | AV13: 0.44916038 | AW13: 2.883468 | AX13: 1.3210256 | AY13: =M13*47.9*10000/(47.9+32)-AR13 -> -231.38765 | AZ13: =AY13*100/AR13 -> -5.9508176
A14: 19КЛ-23 | C14: 2 | D14: 52.41 | E14: 5 | F14: 13 | G14: 2 | H14: 0.77 | I14: 15.63 | J14: 2.57 | K14: 52.41 | L14: 22.37 | M14: 0.44 | O14: 0.26 | P14: 0.1 | Q14: 4.72 | V14: 99.28 | W14: 5.7674317 | X14: 0.26485708 | Y14: 167.04373 | Z14: 28.728531 | AA14: 11.343575 | AB14: 2.3808903 | AC14: 4.8740944 | AD14: 1.0379092 | AE14: 1.1048262 | AF14: 1.9343872 | AG14: 0.026361928 | AH14: 0.035247235 | AI14: 0.1580091 | AJ14: 0.31183479 | AK14: 1.5897898 | AL14: 3.0686604 | AM14: 8.6411615 | AN14: 3.899657 | AO14: 0.74348611 | AP14: 6.2579074 | AQ14: 131.32549 | AR14: 2758.9932 | AS14: 2.3470222 | AT14: 1.5191808 | AU14: 2.558535 | AV14: 0.7627107 | AW14: 1.1320435 | AX14: 0.80544881 | AY14: =M14*47.9*10000/(47.9+32)-AR14 -> -121.19596 | AZ14: =AY14*100/AR14 -> -4.3927604
A15: 19КЛ-23 | C15: 3 | D15: 48.97 | E15: 5 | F15: 14 | G15: 3 | H15: 0.48 | I15: 13.62 | J15: 4.01 | K15: 48.97 | L15: 23.65 | M15: 1.35 | O15: 0 | P15: 0.11 | Q15: 7.05 | V15: 99.24 | W15: 11.901714 | X15: 3.742728 | Y15: 307.2146 | Z15: 261.45485 | AA15: 41.047441 | AB15: 6.8873435 | AC15: 14.760206 | AD15: 2.3815086 | AE15: 3.2460498 | AF15: 11.607094 | AG15: 0.23625712 | AH15: 0.061351111 | AI15: 0.60548577 | AJ15: 0.80346968 | AK15: 4.0733348 | AL15: 2.0158571 | AM15: 28.040127 | AN15: 14.756811 | AO15: 6.3994725 | AP15: 16.93 | AQ15: 103.36284 | AR15: 8486.8923 | AS15: 4.5962429 | AT15: 3.9412657 | AU15: 5.5974638 | AV15: 2.3863182 | AW15: 1.9936166 | AX15: 1.9721277 | AY15: =M15*47.9*10000/(47.9+32)-AR15 -> -393.65074 | AZ15: =AY15*100/AR15 -> -4.6383379
A16: 19КЛ-23 | C16: - | D16: 52.51 | E16: 14 | F16: 15 | G16: 22 | H16: 1.53 | I16: 13.91 | J16: 3.13 | K16: 52.51 | L16: 21.23 | M16: 0.65 | N16: 0 | O16: 0.08 | P16: 0.17 | Q16: 6.93 | V16: 100.15 | W16: 12.862335 | X16: 1.2175857 | Y16: 46.880584 | Z16: 133.96218 | AA16: 173.89637 | AB16: 20.467397 | AC16: 62.482763 | AD16: 6.2214161 | AE16: 6.8992879 | AF16: 7.8549143 | AG16: 0.52234779 | AH16: 0.041060064 | AI16: 0.87120089 | AJ16: 2.0675403 | AK16: 11.201601 | AL16: 3.719521 | AM16: 108.17527 | AN16: 58.402918 | AO16: 0.11906701 | AP16: 45.546004 | AQ16: 408.90856 | AR16: 3763.0432 | AS16: 2.2406152 | AT16: 60.252671 | AU16: 16.682003 | AV16: 3.6025873 | AW16: 3.6065967 | AX16: 5.4808164 | AY16: =M16*47.9*10000/(47.9+32)-AR16 -> 133.70275 | AZ16: =AY16*100/AR16 -> 3.5530485
A17: 19КЛ-23 | C17: - | D17: 46.74 | E17: 14 | F17: 16 | G17: 23 | H17: 0.88 | I17: 11.73 | J17: 6.34 | K17: 46.74 | L17: 23.03 | M17: 1.95 | N17: 0.09 | O17: 0 | P17: 0.11 | Q17: 8.86 | V17: 99.73 | W17: 7.1019129 | X17: -0.72512734 | Y17: 252.37588 | Z17: 119.45013 | AA17: 27.708105 | AB17: 4.7135664 | AC17: 9.996117 | AD17: 1.6915624 | AE17: 1.7076894 | AF17: 6.3951335 | AG17: 0.10320521 | AH17: 0.017778214 | AI17: 0.39808056 | AJ17: 0.47254372 | AK17: 2.5080954 | AL17: 1.3965602 | AM17: 20.110959 | AN17: 9.6376252 | AO17: 1.5510728 | AP17: 9.7677784 | AQ17: 105.34146 | AR17: 7660.9144 | AS17: 3.3362662 | AT17: 0.59530807 | AU17: 3.5543442 | AV17: 1.1960015 | AW17: 1.4136163 | AX17: 1.4012822 | AY17: =M17*47.9*10000/(47.9+32)-AR17 -> 4029.3234 | AZ17: =AY17*100/AR17 -> 52.595854
A18: 19КН-05 | B18: саннаит | C18: 26 | D18: 52.38 | E18: 6 | F18: 17 | G18: 26 | H18: 0.46 | I18: 16.16 | J18: 1.77 | K18: 52.38 | L18: 22.62 | M18: 1.11 | N18: 0 | O18: 0.58 | P18: 0.11 | Q18: 4.7 | S18: 0 | V18: 99.89 | W18: 6.3071829 | X18: -1.1020453 | Y18: 294.43366 | Z18: 55.466701 | AA18: 39.70931 | AB18: 6.9341299 | AC18: 15.191091 | AD18: 1.7574025 | AE18: 1.8065517 | AF18: 3.6262259 | AG18: 0.060917833 | AH18: 0.014975483 | AI18: 0.25879344 | AJ18: 0.60325197 | AK18: 3.4113311 | AL18: 2.1309462 | AM18: 34.472136 | AN18: 12.460419 | AO18: 0.71705386 | AP18: 11.541345 | AQ18: 112.52522 | AR18: 7338.4166 | AS18: 4.508594 | AT18: 3.7585306 | AU18: 5.4071604 | AV18: 0.99283736 | AW18: 2.0821297 | AX18: 1.3298458 | AY18: =M18*47.9*10000/(47.9+32)-AR18 -> -683.97354 | AZ18: =AY18*100/AR18 -> -9.3204513
A19: 19КН-05 | C19: 27 | D19: 50.59 | E19: 6 | F19: 18 | G19: 27 | H19: 0.62 | I19: 15.18 | J19: 3.13 | K19: 50.59 | L19: 22.47 | M19: 1.42 | N19: 0 | O19: 1 | P19: 0.09 | Q19: 5.11 | S19: 0.16 | V19: 99.77 | W19: 6.5084042 | X19: -4.0592769 | Y19: 339.71506 | Z19: 79.420353 | AA19: 54.068903 | AB19: 8.1364522 | AC19: 18.423898 | AD19: 2.0283948 | AE19: 1.966183 | AF19: 4.6432482 | AG19: 0.10807809 | AH19: 0.015603484 | AI19: 0.33043393 | AJ19: 0.65169094 | AK19: 3.9331987 | AL19: 2.3344244 | AM19: 44.462729 | AN19: 17.955192 | AO19: 1.1953086 | AP19: 12.25928 | AQ19: 151.13381 | AR19: 9861.7587 | AS19: 2.2385943 | AT19: 1.2271486 | AU19: 5.7913712 | AV19: 1.0594654 | AW19: 2.3208862 | AX19: 1.5518104 | AY19: =M19*47.9*10000/(47.9+32)-AR19 -> -1348.8676 | AZ19: =AY19*100/AR19 -> -13.677759
A20: 19КН-05 | C20: 28 | D20: 50.13 | E20: 6 | F20: 19 | G20: 28 | H20: 0.56 | I20: 14.95 | J20: 3.01 | K20: 50.13 | L20: 22.91 | M20: 1.74 | N20: 0 | O20: 0.74 | P20: 0 | Q20: 5.26 | S20: 0 | V20: 99.29 | W20: 6.7027531 | X20: -12.566883 | Y20: 362.86527 | Z20: 113.02517 | AA20: 62.163799 | AB20: 9.4431374 | AC20: 21.142066 | AD20: 2.2035201 | AE20: 2.3855797 | AF20: 6.5915915 | AG20: 0.16347783 | AH20: 0.047722691 | AI20: 0.36982138 | AJ20: 0.67991173 | AK20: 4.021611 | AL20: 2.522147 | AM20: 46.230756 | AN20: 19.841394 | AO20: 1.3485891 | AP20: 12.060753 | AQ20: 145.26781 | AR20: 11641.253 | AS20: 3.57366 | AT20: 1.1081096 | AU20: 7.64348 | AV20: 1.3183557 | AW20: 2.5270492 | AX20: 1.6846011 | AY20: =M20*47.9*10000/(47.9+32)-AR20 -> -1209.9638 | AZ20: =AY20*100/AR20 -> -10.393759
A21: 19КН-31 | B21: мончикит | C21: 1 | D21: 52.14 | E21: 7 | F21: 20 | G21: 1 | H21: 0.6 | I21: 15.33 | J21: 2.42 | K21: 52.14 | L21: 23.62 | M21: 0.61 | N21: 0 | O21: 0 | P21: 0.07 | Q21: 4.69 | S21: 0 | V21: 99.49 | W21: 12.705062 | X21: 15.328217 | Y21: 3062.9269 | Z21: 26.645303 | AA21: 7.7443006 | AB21: 1.2090446 | AC21: 2.7394855 | AD21: 0.39054835 | AE21: 0.43082511 | AF21: 1.6583249 | AG21: 0.060141687 | AH21: 0.013625962 | AI21: 0.13759006 | AJ21: 0.15550258 | AK21: 0.76809476 | AL21: 1.0385977 | AM21: 5.4607898 | AN21: 2.4457923 | AO21: 0.58129033 | AP21: 6.236897 | AQ21: 48.371778 | AR21: 2230.9758 | AS21: 2.6772618 | AT21: 4.3324506 | AU21: 1.1601043 | AV21: 0.27133912 | AW21: 0.3960665 | AX21: 0.30921774 | AY21: =M21*47.9*10000/(47.9+32)-AR21 -> 1425.9704 | AZ21: =AY21*100/AR21 -> 63.916893
A22: 19КН-31 | C22: 2 | D22: 50.74 | E22: 7 | F22: 21 | G22: 2 | H22: 0.76 | I22: 14.12 | J22: 3.74 | K22: 50.74 | L22: 23.3 | M22: 1 | N22: 0 | O22: 0 | P22: 0.15 | Q22: 6.3 | S22: 0 | V22: 100.1 | W22: 7.0583385 | X22: -2.9367245 | Y22: 332.58565 | Z22: 65.101168 | AA22: 21.397476 | AB22: 3.5017192 | AC22: 7.6558696 | AD22: 1.0599502 | AE22: 1.1241732 | AF22: 3.4638745 | AG22: 0.044129074 | AH22: 0.015328795 | AI22: 0.18068902 | AJ22: 0.34182449 | AK22: 1.8797601 | AL22: 0.99866684 | AM22: 16.029408 | AN22: 7.1138216 | AO22: 0.53741223 | AP22: 7.0959398 | AQ22: 87.172998 | AR22: 4827.8899 | AS22: 2.7430276 | AT22: 1.4298624 | AU22: 2.856622 | AV22: 0.71881437 | AW22: 0.99051866 | AX22: 0.85655134 | AY22: =M22*47.9*10000/(47.9+32)-AR22 -> 1167.1038 | AZ22: =AY22*100/AR22 -> 24.174202
A23: 19КН-31 | C23: 3 | D23: 50.26 | E23: 7 | F23: 22 | G23: 3 | H23: 0.94 | I23: 13.23 | J23: 3.9 | K23: 50.26 | L23: 23.02 | M23: 0.98 | N23: 0 | O23: 0 | P23: 0.11 | Q23: 7.49 | S23: 0 | V23: 99.94 | W23: 15.875543 | X23: 2.7506537 | Y23: 605.89052 | Z23: 548.00028 | AA23: 56.087389 | AB23: 8.7854592 | AC23: 19.693979 | AD23: 4.0844585 | AE23: 6.6407777 | AF23: 22.030066 | AG23: 0.12278483 | AH23: 0.11880933 | AI23: 0.8560302 | AJ23: 1.3564681 | AK23: 7.0957314 | AL23: 3.0728512 | AM23: 44.824818 | AN23: 24.121045 | AO23: 6.0092954 | AP23: 25.391311 | AQ23: 95.88493 | AR23: 7086.8638 | AS23: 5.3339725 | AT23: 46.88644 | AU23: 7.0427943 | AV23: 5.5388131 | AW23: 2.8642291 | AX23: 3.4963009 | AY23: =M23*47.9*10000/(47.9+32)-AR23 -> -1211.77 | AZ23: =AY23*100/AR23 -> -17.098818
A24: 19КН-31 | C24: 32 | D24: 51.54 | E24: 8 | F24: 23 | G24: 32 | H24: 0.74 | I24: 14.39 | J24: 2.9 | K24: 51.54 | L24: 23.32 | M24: 0.67 | N24: 0 | O24: 0 | P24: 0.11 | Q24: 6.22 | S24: 0 | V24: 99.9 | W24: 7.4934868 | X24: -0.90580378 | Y24: 307.62762 | Z24: 57.092453 | AA24: 19.144642 | AB24: 3.2679778 | AC24: 6.6257103 | AD24: 0.76646835 | AE24: 1.0580056 | AF24: 3.0174696 | AG24: 0.039845953 | AH24: 0.017072214 | AI24: 0.19212868 | AJ24: 0.30053936 | AK24: 1.8414512 | AL24: 0.93933282 | AM24: 14.214985 | AN24: 6.7159216 | AO24: 0.44445237 | AP24: 6.7683802 | AQ24: 89.883094 | AR24: 4548.9555 | AS24: 2.9797048 | AT24: 0.54275805 | AU24: 2.507805 | AV24: 0.68597574 | AW24: 0.92785656 | AX24: 0.57593685 | AY24: =M24*47.9*10000/(47.9+32)-AR24 -> -532.30969 | AZ24: =AY24*100/AR24 -> -11.7018
A25: 19КН-31 | C25: 33 | D25: 49.67 | E25: 8 | F25: 24 | G25: 33 | H25: 0.91 | I25: 13.08 | J25: 4.18 | K25: 49.67 | L25: 23.02 | M25: 1.18 | N25: 0 | O25: 0 | P25: 0.14 | Q25: 7.5 | S25: 0 | V25: 99.69 | W25: 8.9897927 | X25: 0.054399398 | Y25: 401.4482 | Z25: 144.96453 | AA25: 31.496488 | AB25: 4.9430721 | AC25: 11.192928 | AD25: 1.6785674 | AE25: 1.7664258 | AF25: 6.661772 | AG25: 0.060341468 | AH25: 0.019904392 | AI25: 0.3996061 | AJ25: 0.51749754 | AK25: 2.6895251 | AL25: 1.4689319 | AM25: 24.51778 | AN25: 11.289137 | AO25: 1.1171632 | AP25: 10.479247 | AQ25: 118.86175 | AR25: 6623.8937 | AS25: 2.1673039 | AT25: 0.76282415 | AU25: 3.6964006 | AV25: 1.1914324 | AW25: 1.42332 | AX25: 1.3862945 | AY25: =M25*47.9*10000/(47.9+32)-AR25 -> 450.19893 | AZ25: =AY25*100/AR25 -> 6.7965905
A26: 19КН-31 | C26: 34 | D26: 48.93 | E26: 8 | F26: 25 | G26: 34 | H26: 4.1 | I26: 2.4 | J26: 0.77 | K26: 48.93 | L26: 16.01 | M26: 1.2 | N26: 0.11 | O26: 0 | P26: 1.21 | Q26: 24.4 | S26: 0 | V26: 99.12 | W26: 21.222631 | X26: 24.708324 | Y26: 825.72512 | Z26: 427.6487 | AA26: 27.993396 | AB26: 3.4774367 | AC26: 9.3960234 | AD26: 2.1591252 | AE26: 5.1393484 | AF26: 8.8740015 | AG26: 0.06601321 | AH26: 0.016931874 | AI26: 0.87897365 | AJ26: 0.51742145 | AK26: 2.2254274 | AL26: 1.2595267 | AM26: 18.721907 | AN26: 9.8486148 | AO26: 3.1664252 | AP26: 9.9074093 | AQ26: 229.36692 | AR26: 7236.713 | AS26: 5.2841139 | AT26: 10.360855 | AU26: 2.9119693 | AV26: 4.6467804 | AW26: 1.1060259 | AX26: 1.9320074 | AY26: =M26*47.9*10000/(47.9+32)-AR26 -> -42.720515 | AZ26: =AY26*100/AR26 -> -0.59033038
A27: 19ТР-13 | C27: 15 | D27: 48.23 | E27: 9 | F27: 26 | G27: Spectrum 15 | H27: 0.31 | I27: 13.74 | J27: 5.25 | K27: 48.23 | L27: 23.9 | M27: 1.74 | N27: 0 | O27: 0 | P27: 0.12 | Q27: 6.42 | R27: 0 | S27: 0 | T27: 0 | U27: 0.04 | V27: 99.76 | W27: 7.5235501 | X27: 2.9768857 | Y27: 377.44944 | Z27: 337.51137 | AA27: 87.038142 | AB27: 11.64458 | AC27: 27.459542 | AD27: 2.6368784 | AE27: 2.8269717 | AF27: 12.741095 | AG27: 0.4049064 | AH27: 0.038472177 | AI27: 0.76228135 | AJ27: 0.88881474 | AK27: 5.0755493 | AL27: 3.2627447 | AM27: 62.214694 | AN27: 29.681002 | AO27: 3.3262544 | AP27: 16.17539 | AQ27: 93.841521 | AR27: 11371.639 | AS27: 1.9227199 | AT27: 3.1696708 | AU27: 9.2965507 | AV27: 1.5201142 | AW27: 3.2208061 | AX27: 1.9754992 | AY27: =M27*47.9*10000/(47.9+32)-AR27 -> -940.3503 | AZ27: =AY27*100/AR27 -> -8.2692588
A28: 19ТР-13 | C28: 16 | D28: 46.7 | E28: 9 | F28: 27 | G28: Spectrum 16 | H28: 0.35 | I28: 13.21 | J28: 6.27 | K28: 46.7 | L28: 23.69 | M28: 2.01 | N28: 0 | O28: 0 | P28: 0.08 | Q28: 7.1 | R28: 0 | S28: 0 | T28: 0 | U28: 0 | V28: 99.42 | W28: 32.199567 | X28: 20.117438 | Y28: 330.02362 | Z28: 467.5737 | AA28: 88.157593 | AB28: 12.202151 | AC28: 28.724458 | AD28: 3.1503177 | AE28: 3.6499582 | AF28: 20.804062 | AG28: 0.59083536 | AH28: 0.038074728 | AI28: 1.1105615 | AJ28: 1.0227887 | AK28: 5.9219667 | AL28: 3.8667573 | AM28: 62.911902 | AN28: 31.983858 | AO28: 4.7331937 | AP28: 19.700244 | AQ28: 119.49174 | AR28: 13182.517 | AS28: 8.5500295 | AT28: 14.485102 | AU28: 9.1543897 | AV28: 2.3061175 | AW28: 3.6139813 | AX28: 2.4082016 | AY28: =M28*47.9*10000/(47.9+32)-AR28 -> -1132.5797 | AZ28: =AY28*100/AR28 -> -8.5915283
A29: 19ТР-13 | C29: 17 | D29: 48.73 | E29: 9 | F29: 28 | G29: Spectrum 17 | H29: 0.33 | I29: 14.11 | J29: 4.95 | K29: 48.73 | L29: 23.87 | M29: 1.48 | N29: 0 | O29: 0.23 | P29: 0 | Q29: 5.57 | R29: 0 | S29: 0 | T29: 0.08 | U29: 0 | V29: 99.34 | W29: 10.573453 | X29: 6.4177783 | Y29: 706.32938 | Z29: 197.28811 | AA29: 60.351819 | AB29: 8.9243895 | AC29: 18.563768 | AD29: 1.8942139 | AE29: 1.6621713 | AF29: 10.553017 | AG29: 0.2963351 | AH29: 0.037115202 | AI29: 0.56317288 | AJ29: 0.63068522 | AK29: 3.6407866 | AL29: 2.8727566 | AM29: 48.340403 | AN29: 23.819145 | AO29: 2.089384 | AP29: 11.858795 | AQ29: 86.554133 | AR29: 10115.118 | AS29: 5.0702472 | AT29: 5.0628157 | AU29: 6.7070385 | AV29: 0.74753825 | AW29: 2.6466568 | AX29: 1.3507339 | AY29: =M29*47.9*10000/(47.9+32)-AR29 -> -1242.5276 | AZ29: =AY29*100/AR29 -> -12.283866
A30: 19ТР-13 | C30: 18 | D30: 40.96 | E30: 9 | F30: 29 | G30: Spectrum 18 | H30: 0.43 | I30: 10.56 | J30: 11.01 | K30: 40.96 | L30: 23.48 | M30: 4.08 | N30: 0 | O30: 0 | P30: 0.09 | Q30: 8.86 | R30: 0 | S30: 0 | T30: 0 | U30: 0 | V30: 99.48 | W30: 50.028926 | X30: 36.725905 | Y30: 838.17873 | Z30: 477.80883 | AA30: 158.94877 | AB30: 16.860864 | AC30: 44.383076 | AD30: 3.1519037 | AE30: 3.2080527 | AF30: 14.428307 | AG30: 1.2525752 | AH30: 0.40634529 | AI30: 3.1759661 | AJ30: 1.0361555 | AK30: 5.9035812 | AL30: 5.0264496 | AM30: 92.713616 | AN30: 58.383362 | AO30: 39.864034 | AP30: 18.427475 | AQ30: 195.3974 | AR30: 21140.272 | AS30: 14.696925 | AT30: 23.404303 | AU30: 11.545999 | AV30: 1.4715471 | AW30: 4.0954616 | AX30: 2.3109176 | AY30: =M30*47.9*10000/(47.9+32)-AR30 -> 3319.3023 | AZ30: =AY30*100/AR30 -> 15.701322
A31: 19ТР-13 | C31: 19 | D31: 46.5 | E31: 9 | F31: 30 | G31: Spectrum 19 | H31: 0.35 | I31: 13.12 | J31: 5.84 | K31: 46.5 | L31: 23.65 | M31: 1.88 | N31: 0 | O31: 0 | P31: 0 | Q31: 6.84 | R31: 0 | S31: 0 | T31: 0 | U31: 0.04 | V31: 98.22 | W31: 7.6819368 | X31: 2.602128 | Y31: 310.94164 | Z31: 362.70815 | AA31: 82.998929 | AB31: 11.361401 | AC31: 25.80087 | AD31: 2.6655703 | AE31: 2.9192552 | AF31: 15.343353 | AG31: 0.35099257 | AH31: 0.026439635 | AI31: 0.75744866 | AJ31: 0.92472524 | AK31: 5.2216056 | AL31: 3.2334535 | AM31: 60.087635 | AN31: 29.21912 | AO31: 2.8214033 | AP31: 17.733037 | AQ31: 91.78393 | AR31: 11793.815 | AS31: 2.720767 | AT31: 3.6271116 | AU31: 7.7030114 | AV31: 1.7857114 | AW31: 3.1724974 | AX31: 2.0141111 | AY31: =M31*47.9*10000/(47.9+32)-AR31 -> -523.22692 | AZ31: =AY31*100/AR31 -> -4.4364518
A32: 19ТР-13 | C32: 20 | D32: 42.37 | E32: 9 | F32: 31 | G32: Spectrum 20 | H32: 0.46 | I32: 11.21 | J32: 9.86 | K32: 42.37 | L32: 23.42 | M32: 3.48 | N32: 0 | O32: 0 | P32: 0.1 | Q32: 8.13 | R32: 0 | S32: 0 | T32: 0 | U32: 0 | V32: 99.05 | W32: 8.9360601 | X32: -2.4672577 | Y32: 462.95165 | Z32: 516.22221 | AA32: 141.1746 | AB32: 15.063815 | AC32: 39.577329 | AD32: 3.009215 | AE32: 3.2288317 | AF32: 18.557156 | AG32: 0.76666058 | AH32: 0.056445294 | AI32: 2.591896 | AJ32: 1.0320522 | AK32: 6.0454411 | AL32: 4.166868 | AM32: 93.410452 | AN32: 51.357644 | AO32: 14.696686 | AP32: 18.436505 | AQ32: 138.02691 | AR32: 22478.631 | AS32: 4.4882644 | AT32: 3.6047479 | AU32: 11.241085 | AV32: 1.5861666 | AW32: 4.0853188 | AX32: 2.1703117 | AY32: =M32*47.9*10000/(47.9+32)-AR32 -> -1616.0528 | AZ32: =AY32*100/AR32 -> -7.189285
A33: 19ТР-14 | C33: 7 | D33: 50.34 | E33: 10 | F33: 32 | G33: Spectrum 7 | H33: 2.05 | I33: 9.96 | J33: 2.66 | K33: 50.34 | L33: 21.02 | M33: 0.79 | N33: 0 | O33: 0 | P33: 0.37 | Q33: 11.97 | R33: 0 | V33: 99.17 | W33: 20.883264 | X33: 1.3240763 | Y33: 502.71203 | Z33: 456.42459 | AA33: 94.315468 | AB33: 5.82558 | AC33: 21.754036 | AD33: 1.8438908 | AE33: 3.1217671 | AF33: 13.067941 | AG33: 0.080455377 | AH33: 0.075093249 | AI33: 0.63034661 | AJ33: 0.52405681 | AK33: 2.9883657 | AL33: 2.0412639 | AM33: 37.968641 | AN33: 47.03474 | AO33: 3.4430801 | AP33: 12.018839 | AQ33: 115.71727 | AR33: 4939.3207 | AS33: 6.0104635 | AT33: 2.7164823 | AU33: 5.1138705 | AV33: 2.3162786 | AW33: 1.8441948 | AX33: 1.465193 | AY33: =M33*47.9*10000/(47.9+32)-AR33 -> -203.27562 | AZ33: =AY33*100/AR33 -> -4.1154569
A34: 19ТР-14 | C34: 8 | D34: 49.05 | E34: 10 | F34: 33 | G34: Spectrum 8 | H34: 2.02 | I34: 8.05 | J34: 2.89 | K34: 49.05 | L34: 20.5 | M34: 0.9 | N34: 0 | O34: 0 | P34: 0.4 | Q34: 15.03 | R34: 0 | V34: 98.84 | W34: 18.272635 | X34: -10.207059 | Y34: 659.78043 | Z34: 411.14232 | AA34: 53.753892 | AB34: 4.6679241 | AC34: 15.349666 | AD34: 1.4833921 | AE34: 2.5650999 | AF34: 9.1951859 | AG34: 0.10595009 | AH34: 0.017319738 | AI34: 0.65763799 | AJ34: 0.3957558 | AK34: 2.3374655 | AL34: 1.4575081 | AM34: 29.525405 | AN34: 18.704476 | AO34: 5.798352 | AP34: 7.8830958 | AQ34: 148.73099 | AR34: 6231.7241 | AS34: 3.0930204 | AT34: 2.0085265 | AU34: 4.0394271 | AV34: 1.9201826 | AW34: 1.4252995 | AX34: 1.1907127 | AY34: =M34*47.9*10000/(47.9+32)-AR34 -> -836.22969 | AZ34: =AY34*100/AR34 -> -13.418914
A35: 19ТР-14 | C35: 9 | D35: 50.13 | E35: 10 | F35: 34 | G35: Spectrum 9 | H35: 3.31 | I35: 6.72 | J35: 2.1 | K35: 50.13 | L35: 18.2 | M35: 0.66 | N35: 0 | O35: 0 | P35: 0.37 | Q35: 17.6 | R35: 0 | V35: 99.09 | W35: 23.515537 | X35: -3.3432181 | Y35: 616.0374 | Z35: 704.01086 | AA35: 41.730371 | AB35: 3.9374019 | AC35: 12.068659 | AD35: 1.4683491 | AE35: 3.412439 | AF35: 15.22542 | AG35: 0.058151578 | AH35: 0.019262079 | AI35: 0.30990595 | AJ35: 0.3780936 | AK35: 1.8395067 | AL35: 1.1230754 | AM35: 23.802069 | AN35: 15.550823 | AO35: 3.6059843 | AP35: 7.3817646 | AQ35: 194.33999 | AR35: 3764.5496 | AS35: 2.1823674 | AT35: 1.7185211 | AU35: 2.2256659 | AV35: 2.9776285 | AW35: 1.1016828 | AX35: 1.2421231 | AY35: =M35*47.9*10000/(47.9+32)-AR35 -> 192.1463 | AZ35: =AY35*100/AR35 -> 5.104098
A36: 19ТР-14 | C36: 10 | D36: 50.86 | E36: 10 | F36: 35 | G36: Spectrum 10 | H36: 3.45 | I36: 7.05 | J36: 1.69 | K36: 50.86 | L36: 17.87 | M36: 0.46 | N36: 0 | O36: 0 | P36: 0.39 | Q36: 17.05 | R36: 0 | V36: 98.82 | W36: 19.377521 | X36: -4.2445352 | Y36: 596.1431 | Z36: 547.90755 | AA36: 45.756576 | AB36: 3.8394404 | AC36: 11.976843 | AD36: 1.3290056 | AE36: 3.0554732 | AF36: 11.354868 | AG36: 0.16536054 | AH36: 0.041864036 | AI36: 0.22082839 | AJ36: 0.3557744 | AK36: 1.7720908 | AL36: 1.1214531 | AM36: 23.995388 | AN36: 17.155692 | AO36: 2.0922742 | AP36: 6.9192401 | AQ36: 159.44526 | AR36: 3796.7712 | AS36: 3.4064826 | AT36: 2.253926 | AU36: 2.1285191 | AV36: 2.6697955 | AW36: 1.0791513 | AX36: 1.1074063 | AY36: =M36*47.9*10000/(47.9+32)-AR36 -> -1039.074 | AZ36: =AY36*100/AR36 -> -27.367307
A37: 19ТР-16 | C37: 81 | D37: 49.02 | E37: 11 | F37: 36 | G37: Spectrum 81 | H37: 0.59 | I37: 14.05 | J37: 4.87 | K37: 49.02 | L37: 22.67 | M37: 1.16 | N37: 0 | O37: 0.53 | P37: 0.13 | Q37: 5.5 | S37: 0 | T37: 0 | U37: 0 | V37: 98.51 | W37: 7.1422628 | X37: -1.0180326 | Y37: 183.67501 | Z37: 53.535679 | AA37: 19.233536 | AB37: 3.435892 | AC37: 7.1063068 | AD37: 0.92347154 | AE37: 0.81115283 | AF37: 3.6861205 | AG37: 0.050841982 | AH37: 0.029039712 | AI37: 0.18664386 | AJ37: 0.2748063 | AK37: 1.603532 | AL37: 1.0263694 | AM37: 15.783766 | AN37: 6.4501395 | AO37: 0.85759707 | AP37: 5.4936706 | AQ37: 114.96509 | AR37: 8266.9389 | AS37: 2.2150068 | AT37: 2.4301407 | AU37: 2.3185333 | AV37: 0.46119172 | AW37: 1.0063131 | AX37: 0.71682931 | AY37: =M37*47.9*10000/(47.9+32)-AR37 -> -1312.7461 | AZ37: =AY37*100/AR37 -> -15.879471
A38: 19ТР-16 | C38: 82 | D38: 49.86 | E38: 11 | F38: 37 | G38: Spectrum 82 | H38: 0.67 | I38: 14.6 | J38: 4.08 | K38: 49.86 | L38: 22.52 | M38: 0.98 | N38: 0 | O38: 0.47 | P38: 0.07 | Q38: 5.09 | S38: 0 | T38: 0 | U38: 0 | V38: 98.32 | W38: 6.2729263 | X38: -0.58620786 | Y38: 168.39745 | Z38: 41.276406 | AA38: 15.665802 | AB38: 2.8546864 | AC38: 6.0077011 | AD38: 0.73837497 | AE38: 0.70417753 | AF38: 2.9874213 | AG38: 0.028112388 | AH38: 0.022893357 | AI38: 0.14411957 | AJ38: 0.24880546 | AK38: 1.420189 | AL38: 0.84825376 | AM38: 13.844918 | AN38: 5.1649386 | AO38: 0.57771342 | AP38: 4.9781527 | AQ38: 108.01393 | AR38: 6911.2499 | AS38: 2.6151611 | AT38: 2.2736971 | AU38: 2.2269163 | AV38: 0.37173082 | AW38: 0.81412442 | AX38: 0.57119789 | AY38: =M38*47.9*10000/(47.9+32)-AR38 -> -1036.156 | AZ38: =AY38*100/AR38 -> -14.99231
A39: 19ТР-16 | C39: 83 | D39: 45.87 | E39: 11 | F39: 38 | G39: Spectrum 83 | H39: 0.51 | I39: 12.83 | J39: 6.9 | K39: 45.87 | L39: 22.83 | M39: 2.22 | N39: 0 | O39: 0 | P39: 0.08 | Q39: 6.45 | S39: 0 | T39: 0 | U39: 0 | V39: 97.69 | W39: 7.2438261 | X39: 0.28047607 | Y39: 198.00579 | Z39: 138.08689 | AA39: 30.697465 | AB39: 5.6717211 | AC39: 11.364788 | AD39: 1.3105753 | AE39: 1.3785319 | AF39: 8.7421885 | AG39: 0.084399643 | AH39: 0.031449558 | AI39: 0.3243605 | AJ39: 0.46111703 | AK39: 2.6740846 | AL39: 1.762936 | AM39: 28.393711 | AN39: 9.8743493 | AO39: 1.113383 | AP39: 8.3576864 | AQ39: 132.02125 | AR39: 13777.589 | AS39: 2.2478569 | AT39: 1.3737704 | AU39: 3.6482194 | AV39: 0.80115845 | AW39: 1.7241578 | AX39: 0.95652664 | AY39: =M39*47.9*10000/(47.9+32)-AR39 -> -468.70329 | AZ39: =AY39*100/AR39 -> -3.4019252
A40: 19ТР-16 | C40: 84 | D40: 43.31 | E40: 11 | F40: 39 | G40: Spectrum 84 | H40: 0.55 | I40: 11.73 | J40: 9.33 | K40: 43.31 | L40: 23.48 | M40: 4.31 | N40: 0 | O40: 0 | P40: 0 | Q40: 7.09 | S40: 0 | T40: 0 | U40: 0 | V40: 99.8 | W40: 7.1731311 | X40: 0.78145581 | Y40: 392.28567 | Z40: 584.1168 | AA40: 110.08298 | AB40: 16.069075 | AC40: 35.870407 | AD40: 3.2731721 | AE40: 3.4678601 | AF40: 25.701862 | AG40: 0.38605476 | AH40: 0.036967743 | AI40: 1.5289264 | AJ40: 1.1242045 | AK40: 6.6414492 | AL40: 4.2093519 | AM40: 81.308319 | AN40: 35.30747 | AO40: 6.8335092 | AP40: 21.602805 | AQ40: 197.45519 | AR40: 25574.901 | AS40: 2.069459 | AT40: 0.58772486 | AU40: 11.181615 | AV40: 1.8154295 | AW40: 4.1105586 | AX40: 2.4290859 | AY40: =M40*47.9*10000/(47.9+32)-AR40 -> 263.52175 | AZ40: =AY40*100/AR40 -> 1.0303921
A41: 19ТР-16 | C41: 85 | D41: 44.52 | E41: 11 | F41: 40 | G41: Spectrum 85 | H41: 0.57 | I41: 12.18 | J41: 8.51 | K41: 44.52 | L41: 23.65 | M41: 3.78 | N41: 0 | O41: 0 | P41: 0.09 | Q41: 6.78 | S41: 0 | T41: 0 | U41: 0 | V41: 100.07 | W41: 8.0978418 | X41: 1.5729006 | Y41: 456.51292 | Z41: 580.66806 | AA41: 122.95489 | AB41: 17.156523 | AC41: 41.174852 | AD41: 3.565454 | AE41: 3.69135 | AF41: 24.322188 | AG41: 0.43047246 | AH41: 0.017269584 | AI41: 1.3454619 | AJ41: 1.245629 | AK41: 6.9869092 | AL41: 4.7521793 | AM41: 91.241151 | AN41: 39.600913 | AO41: 6.3750234 | AP41: 22.266582 | AQ41: 219.85863 | AR41: 26112.123 | AS41: 3.0857568 | AT41: 0.49155452 | AU41: 12.640723 | AV41: 1.7093316 | AW41: 4.6849099 | AX41: 2.6034272 | AY41: =M41*47.9*10000/(47.9+32)-AR41 -> -3451.0467 | AZ41: =AY41*100/AR41 -> -13.216262
A42: 19ТР-16 | C42: 86 | D42: 42.03 | E42: 11 | F42: 41 | G42: Spectrum 86 | H42: 0.76 | I42: 10.92 | J42: 10.5 | K42: 42.03 | L42: 23.04 | M42: 4.99 | N42: 0 | O42: 0 | P42: 0.1 | Q42: 7.82 | S42: 0 | T42: 0 | U42: 0.04 | V42: 100.21 | W42: 8.8471912 | X42: -10.631739 | Y42: 503.0876 | Z42: 801.658 | AA42: 171.61226 | AB42: 22.444766 | AC42: 59.038307 | AD42: 4.6199313 | AE42: 5.1791986 | AF42: 26.125814 | AG42: 0.99363865 | AH42: 0.06471606 | AI42: 3.6971123 | AJ42: 1.598025 | AK42: 9.2536599 | AL42: 5.917972 | AM42: 123.82177 | AN42: 58.743785 | AO42: 22.349592 | AP42: 28.883717 | AQ42: 272.7613 | AR42: 32633.577 | AS42: 2.4384843 | AT42: 1.0873396 | AU42: 15.668815 | AV42: 2.5060272 | AW42: 5.7997456 | AX42: 3.4289776 | AY42: =M42*47.9*10000/(47.9+32)-AR42 -> -2718.5585 | AZ42: =AY42*100/AR42 -> -8.3305562
A43: 19ТР-19 | C43: 9 | D43: 48.75 | E43: 12 | F43: 42 | G43: Spectrum 9 | H43: 0.45 | I43: 13.94 | J43: 5.1 | K43: 48.75 | L43: 23.11 | M43: 1.89 | N43: 0 | O43: 0 | P43: 0.1 | Q43: 6.98 | S43: 0 | T43: 0 | U43: 0 | V43: 100.32 | W43: 7.8475025 | X43: 1.3275864 | Y43: 1045.1467 | Z43: 81.582479 | AA43: 100.7287 | AB43: 19.460713 | AC43: 44.912052 | AD43: 2.6469173 | AE43: 2.9917734 | AF43: 5.5704124 | AG43: 6.3685034 | AH43: 0.085597296 | AI43: 0.44602123 | AJ43: 0.79839423 | AK43: 4.8529892 | AL43: 6.580969 | AM43: 63.776577 | AN43: 26.391915 | AO43: 1.1459583 | AP43: 10.394537 | AQ43: 107.31659 | AR43: 9574.8865 | AS43: 4.5897693 | AT43: 2.5426078 | AU43: 14.69158 | AV43: 0.072544695 | AW43: 4.8825697 | AX43: 1.6443019 | AY43: =M43*47.9*10000/(47.9+32)-AR43 -> 1755.6516 | AZ43: =AY43*100/AR43 -> 18.336005
A44: 19ТР-19 | C44: 10 | D44: 50.56 | E44: 12 | F44: 43 | G44: Spectrum 10 | H44: 0.44 | I44: 14.95 | J44: 4.04 | K44: 50.56 | L44: 23.56 | M44: 1.38 | N44: 0 | O44: 0.52 | P44: 0.09 | Q44: 5.33 | S44: 0 | T44: 0 | U44: 0 | V44: 100.88 | W44: 5.6843804 | X44: -0.91659066 | Y44: 262.74757 | Z44: 73.502197 | AA44: 25.570825 | AB44: 3.9253764 | AC44: 8.2692517 | AD44: 0.92569044 | AE44: 0.8702301 | AF44: 4.5947444 | AG44: 0.075439347 | AH44: 0.035843795 | AI44: 0.18949882 | AJ44: 0.33459781 | AK44: 1.8237286 | AL44: 1.234099 | AM44: 18.9594 | AN44: 8.3947647 | AO44: 0.82080168 | AP44: 6.4759871 | AQ44: 96.886661 | AR44: 8877.0355 | AS44: 4.2942932 | AT44: 0.90675265 | AU44: 3.0214138 | AV44: 0.45193294 | AW44: 1.2034659 | AX44: 0.67856371 | AY44: =M44*47.9*10000/(47.9+32)-AR44 -> -603.94411 | AZ44: =AY44*100/AR44 -> -6.8034437
A45: 19ТР-19 | C45: 11 | D45: 48.17 | E45: 12 | F45: 44 | G45: Spectrum 11 | H45: 0.41 | I45: 13.89 | J45: 5.6 | K45: 48.17 | L45: 23.72 | M45: 2.18 | N45: 0 | O45: 0.38 | P45: 0 | Q45: 6.24 | S45: 0 | T45: 0 | U45: 0 | V45: 100.58 | W45: 6.1200497 | X45: -6.9623877 | Y45: 264.95811 | Z45: 126.42651 | AA45: 34.264535 | AB45: 5.2444097 | AC45: 10.75508 | AD45: 1.2216985 | AE45: 1.3031013 | AF45: 6.9259264 | AG45: 0.095170199 | AH45: 0.014288899 | AI45: 0.30035303 | AJ45: 0.42141477 | AK45: 2.4283755 | AL45: 1.452802 | AM45: 25.596365 | AN45: 12.028201 | AO45: 1.7307219 | AP45: 7.9534549 | AQ45: 104.2569 | AR45: 11637.711 | AS45: 11.083102 | AT45: 1.0329525 | AU45: 4.1390131 | AV45: 0.74406865 | AW45: 1.4331729 | AX45: 0.92740236 | AY45: =M45*47.9*10000/(47.9+32)-AR45 -> 1431.3758 | AZ45: =AY45*100/AR45 -> 12.299462
A46: 19ТР-19 | C46: 12 | D46: 44.72 | E46: 12 | F46: 45 | G46: Spectrum 12 | H46: 0.63 | I46: 11.97 | J46: 8.27 | K46: 44.72 | L46: 23.5 | M46: 3.72 | N46: 0 | O46: 0 | P46: 0 | Q46: 8 | S46: 0 | T46: 0 | U46: 0 | V46: 100.81 | W46: 10.857712 | X46: 2.3655725 | Y46: 830.72485 | Z46: 415.22908 | AA46: 130.08061 | AB46: 16.74537 | AC46: 39.032196 | AD46: 4.5282871 | AE46: 3.8149791 | AF46: 17.18701 | AG46: 1.3059349 | AH46: 0.051388656 | AI46: 2.3105367 | AJ46: 1.3624566 | AK46: 7.8070439 | AL46: 5.9751355 | AM46: 87.098559 | AN46: 53.719509 | AO46: 10.735149 | AP46: 27.61358 | AQ46: 168.01415 | AR46: 23579.696 | AS46: 3.9360702 | AT46: 0.87145693 | AU46: 11.596982 | AV46: 2.0894569 | AW46: 4.8682142 | AX46: 3.5286195 | AY46: =M46*47.9*10000/(47.9+32)-AR46 -> -1278.3195 | AZ46: =AY46*100/AR46 -> -5.421272
A47: 19ТР-43 | C47: 35 | D47: 49.44 | E47: 13 | F47: 46 | G47: Spectrum 35 | H47: 2.2 | I47: 5.93 | J47: 1.7 | K47: 49.44 | L47: 19.48 | M47: 0.37 | N47: 0.07 | O47: 0 | P47: 0.53 | Q47: 19.4 | R47: 0 | S47: 0 | T47: 0 | U47: 0 | V47: 99.14 | W47: 24.834181 | X47: -15.158467 | Y47: 1076.2566 | Z47: 172.24029 | AA47: 55.506132 | AB47: 4.3008824 | AC47: 14.58767 | AD47: 2.8224637 | AE47: 5.7157542 | AF47: 5.0528672 | AG47: 0.094083994 | AH47: 0.082736046 | AI47: 0.30811355 | AJ47: 0.68112701 | AK47: 2.8877866 | AL47: 1.1241591 | AM47: 25.58018 | AN47: 25.249779 | AO47: 1.2634413 | AP47: 17.105264 | AQ47: 316.13837 | AR47: 2877.2763 | AS47: 1.687234 | AT47: 5.9517141 | AU47: 2.5166782 | AV47: 5.2683341 | AW47: 1.0778954 | AX47: 2.6011223 | AY47: =M47*47.9*10000/(47.9+32)-AR47 -> -659.12858 | AZ47: =AY47*100/AR47 -> -22.908074
A48: 19ТР-43 | C48: 36 | D48: 49.66 | E48: 13 | F48: 47 | G48: Spectrum 36 | H48: 2.07 | I48: 6.47 | J48: 1.48 | K48: 49.66 | L48: 19.94 | M48: 0.56 | N48: 0 | O48: 0 | P48: 0.53 | Q48: 18.67 | R48: 0 | S48: 0 | T48: 0 | U48: 0 | V48: 99.38 | W48: 24.109216 | X48: 5.3442656 | Y48: 1101.396 | Z48: 179.15937 | AA48: 67.919601 | AB48: 5.3792827 | AC48: 17.770577 | AD48: 3.0410645 | AE48: 5.922826 | AF48: 5.789154 | AG48: 0.025194109 | AH48: 0.020021948 | AI48: 0.32135484 | AJ48: 0.6624901 | AK48: 3.3620342 | AL48: 1.3752005 | AM48: 32.212248 | AN48: 30.588652 | AO48: 0.49768568 | AP48: 17.646851 | AQ48: 306.54742 | AR48: 3176.898 | AS48: 2.6218967 | AT48: 5.0169174 | AU48: 4.4610074 | AV48: 5.1878885 | AW48: 1.3481362 | AX48: 2.7642303 | AY48: =M48*47.9*10000/(47.9+32)-AR48 -> 180.29849 | AZ48: =AY48*100/AR48 -> 5.6752998
A49: 19ТР-43 | C49: 37 | D49: 51.01 | E49: 13 | F49: 48 | G49: Spectrum 37 | H49: 2.25 | I49: 7.52 | J49: 0.62 | K49: 51.01 | L49: 19.84 | M49: 0.38 | N49: 0 | O49: 0 | P49: 0.48 | Q49: 17.29 | R49: 0 | S49: 0 | T49: 0 | U49: 0 | V49: 99.4 | W49: 22.773754 | X49: -6.5802194 | Y49: 1075.1362 | Z49: 156.02298 | AA49: 68.906122 | AB49: 5.6799741 | AC49: 17.920476 | AD49: 2.7754109 | AE49: 5.3934574 | AF49: 5.0310169 | AG49: 0.026965166 | AH49: 0.016082441 | AI49: 0.27357482 | AJ49: 0.7450064 | AK49: 3.2898184 | AL49: 1.5384267 | AM49: 33.505807 | AN49: 29.929187 | AO49: 0.46482461 | AP49: 16.768638 | AQ49: 342.29577 | AR49: 3366.1627 | AS49: 2.0056819 | AT49: 5.1124135 | AU49: 5.0234646 | AV49: 4.6346288 | AW49: 1.519397 | AX49: 2.463409 | AY49: =M49*47.9*10000/(47.9+32)-AR49 -> -1088.0651 | AZ49: =AY49*100/AR49 -> -32.323604
A50: 19ТР-43 | C50: 38 | D50: 46.8 | E50: 13 | F50: 49 | G50: Spectrum 38 | H50: 1.08 | I50: 9.99 | J50: 5.78 | K50: 46.8 | L50: 22.07 | M50: 1.87 | N50: 0 | O50: 0 | P50: 0.29 | Q50: 11.36 | R50: 0 | S50: 0 | T50: 0 | U50: 0 | V50: 99.24 | W50: 14.037273 | X50: -18.975334 | Y50: 1045.7224 | Z50: 292.52012 | AA50: 148.95918 | AB50: 14.800577 | AC50: 40.397382 | AD50: 4.2605235 | AE50: 5.0455151 | AF50: 10.095296 | AG50: 0.15068215 | AH50: 0.032601262 | AI50: 0.96865183 | AJ50: 1.2508118 | AK50: 6.9492852 | AL50: 3.8534358 | AM50: 81.03625 | AN50: 48.454183 | AO50: 4.6728523 | AP50: 24.648786 | AQ50: 233.61531 | AR50: 9048.0705 | AS50: 2.105723 | AT50: 3.6104592 | AU50: 11.854135 | AV50: 3.4170401 | AW50: 3.76238 | AX50: 3.4879344 | AY50: =M50*47.9*10000/(47.9+32)-AR50 -> 2162.5678 | AZ50: =AY50*100/AR50 -> 23.900873
A51: 19ТР-43 | C51: 39 | D51: 46.75 | E51: 13 | F51: 50 | G51: Spectrum 39 | H51: 0.75 | I51: 12.13 | J51: 6.72 | K51: 46.75 | L51: 22.97 | M51: 1.92 | N51: 0 | O51: 0 | P51: 0.14 | Q51: 8.29 | R51: 0 | S51: 0 | T51: 0 | U51: 0 | V51: 99.68 | W51: 12.500265 | X51: -2.3026384 | Y51: 936.37013 | Z51: 382.37586 | AA51: 205.6022 | AB51: 21.461617 | AC51: 56.426245 | AD51: 5.0771661 | AE51: 5.6802231 | AF51: 13.43459 | AG51: 0.6756422 | AH51: 0.059904269 | AI51: 1.3229763 | AJ51: 1.650572 | AK51: 9.8127472 | AL51: 5.6949271 | AM51: 122.83897 | AN51: 73.776843 | AO51: 7.4428306 | AP51: 32.813731 | AQ51: 215.67121 | AR51: 13003.015 | AS51: 2.6344811 | AT51: 3.3266199 | AU51: 16.439976 | AV51: 3.3040799 | AW51: 5.6161302 | AX51: 3.923917 | AY51: =M51*47.9*10000/(47.9+32)-AR51 -> -1492.6274 | AZ51: =AY51*100/AR51 -> -11.479086
A52: 19ТР-43 | C52: 40 | D52: 48.87 | E52: 13 | F52: 51 | G52: Spectrum 40 | H52: 1.68 | I52: 9.19 | J52: 3.48 | K52: 48.87 | L52: 21.1 | M52: 0.98 | N52: 0 | O52: 0 | P52: 0.35 | Q52: 13.94 | R52: 0 | S52: 0 | T52: 0 | U52: 0 | V52: 99.59 | W52: 15.552788 | X52: 0.46293758 | Y52: 556.67207 | Z52: 382.05788 | AA52: 98.944342 | AB52: 11.137734 | AC52: 26.944649 | AD52: 3.5547928 | AE52: 5.0663064 | AF52: 9.9429332 | AG52: 0.13520024 | AH52: 0.0079150079 | AI52: 0.63401347 | AJ52: 0.99386856 | AK52: 5.0197797 | AL52: 2.8737342 | AM52: 59.346074 | AN52: 35.703914 | AO52: 4.5338979 | AP52: 22.539619 | AQ52: 175.8434 | AR52: 7732.7492 | AS52: 1.8615244 | AT52: 1.8709929 | AU52: 8.9049562 | AV52: 3.6459216 | AW52: 2.8730821 | AX52: 2.9648173 | AY52: =M52*47.9*10000/(47.9+32)-AR52 -> -1857.6553 | AZ52: =AY52*100/AR52 -> -24.02322
A53: 19ТР-43 | C53: 41 | D53: 48.65 | E53: 13 | F53: 52 | G53: Spectrum 41 | H53: 1.65 | I53: 8.57 | J53: 3.23 | K53: 48.65 | L53: 20.75 | M53: 0.95 | N53: 0 | O53: 0 | P53: 0.36 | Q53: 14.95 | R53: 0 | S53: 0 | T53: 0 | U53: 0 | V53: 99.11 | W53: 16.921745 | X53: 0.65598373 | Y53: 519.71816 | Z53: 310.88019 | AA53: 80.284 | AB53: 8.3442258 | AC53: 21.885706 | AD53: 3.0204693 | AE53: 5.144892 | AF53: 9.0596877 | AG53: 0.14836417 | AH53: 0.040657075 | AI53: 0.62668839 | AJ53: 0.91141764 | AK53: 4.5188656 | AL53: 2.3167143 | AM53: 48.536854 | AN53: 32.142992 | AO53: 5.2956079 | AP53: 19.815094 | AQ53: 218.3554 | AR53: 6512.2808 | AS53: 5.6756907 | AT53: 2.3800781 | AU53: 7.3889422 | AV53: 3.9641106 | AW53: 2.2730266 | AX53: 2.5537127 | AY53: =M53*47.9*10000/(47.9+32)-AR53 -> -817.03672 | AZ53: =AY53*100/AR53 -> -12.546092
A54: 19ТР-43 | C54: 42 | D54: 49.23 | E54: 13 | F54: 53 | G54: Spectrum 42 | H54: 0.58 | I54: 13.58 | J54: 4.39 | K54: 49.23 | L54: 23.21 | M54: 1.26 | N54: 0 | O54: 0 | P54: 0.11 | Q54: 6.96 | R54: 0 | S54: 0 | T54: 0 | U54: 0 | V54: 99.32 | W54: 10.962255 | X54: -28.328235 | Y54: 658.83127 | Z54: 194.83902 | AA54: 86.384875 | AB54: 10.589772 | AC54: 24.561696 | AD54: 2.3713772 | AE54: 2.651234 | AF54: 7.834524 | AG54: 0.27750566 | AH54: 0.042668516 | AI54: 0.46100086 | AJ54: 0.82522424 | AK54: 4.2129196 | AL54: 3.0860572 | AM54: 59.764345 | AN54: 28.526011 | AO54: 3.382863 | AP54: 14.717346 | AQ54: 100.48938 | AR54: 7529.9974 | AS54: 3.8171025 | AT54: 2.118881 | AU54: 8.4979722 | AV54: 1.3002776 | AW54: 2.9596314 | AX54: 1.7636292 | AY54: =M54*47.9*10000/(47.9+32)-AR54 -> 23.69469 | AZ54: =AY54*100/AR54 -> 0.31467063
A55: 19ТР-43 | C55: 43 | D55: 46.08 | E55: 13 | F55: 54 | G55: Spectrum 43 | H55: 0.7 | I55: 11.81 | J55: 7.12 | K55: 46.08 | L55: 22.83 | M55: 2.21 | N55: 0 | O55: 0 | P55: 0.16 | Q55: 8.43 | R55: 0 | S55: 0 | T55: 0 | U55: 0 | V55: 99.34 | W55: 10.397773 | X55: 0.0056099863 | Y55: 672.9116 | Z55: 474.03841 | AA55: 324.12472 | AB55: 30.621651 | AC55: 86.080634 | AD55: 6.0501459 | AE55: 6.1215366 | AF55: 17.046419 | AG55: 2.4810104 | AH55: 0.20530849 | AI55: 2.2258036 | AJ55: 2.2074619 | AK55: 12.465448 | AL55: 8.3672286 | AM55: 200.40142 | AN55: 140.32443 | AO55: 11.732067 | AP55: 43.115476 | AQ55: 163.64228 | AR55: 13882.144 | AS55: 4.3735179 | AT55: 3.3295911 | AU55: 25.186231 | AV55: 2.134424 | AW55: 7.8178377 | AX55: 4.4447853 | AY55: =M55*47.9*10000/(47.9+32)-AR55 -> -633.2079 | AZ55: =AY55*100/AR55 -> -4.561312
A56: 19ТР-43 | C56: 44 | D56: 44.39 | E56: 13 | F56: 55 | G56: Spectrum 44 | H56: 0.9 | I56: 10.45 | J56: 8.1 | K56: 44.39 | L56: 22.52 | M56: 2.95 | N56: 0 | O56: 0 | P56: 0.18 | Q56: 9.37 | R56: 0 | S56: 0 | T56: 0 | U56: 0.04 | V56: 98.9 | W56: 10.571764 | X56: 3.4170418 | Y56: 1058.4148 | Z56: 737.55118 | AA56: 406.86908 | AB56: 31.645297 | AC56: 104.30403 | AD56: 7.1039523 | AE56: 6.9371178 | AF56: 23.842589 | AG56: 5.4441135 | AH56: 0.48420264 | AI56: 4.4800116 | AJ56: 2.4272177 | AK56: 13.321877 | AL56: 9.3993515 | AM56: 232.86445 | AN56: 199.79202 | AO56: 34.246202 | AP56: 45.584877 | AQ56: 210.9449 | AR56: 19000.307 | AS56: 6.2165631 | AT56: 3.9276942 | AU56: 28.511766 | AV56: 2.4111548 | AW56: 8.8104897 | AX56: 5.2947548 | AY56: =M56*47.9*10000/(47.9+32)-AR56 -> -1315.0751 | AZ56: =AY56*100/AR56 -> -6.9213363

Sheet для графера
A1: # EPMA | B1: La | C1: Ce | D1: Pr | E1: Nd | F1: Sm | G1: Eu | H1: Gd | I1: Tb | J1: Dy | K1: Ho | L1: Er | M1: Tm | N1: Yb | O1: Lu
B2: 0.237 | C2: 0.612 | D2: 0.095 | E2: 0.467 | F2: 0.153 | G2: 0.058 | H2: 0.2055 | I2: 0.0374 | J2: 0.254 | K2: 0.0566 | L2: 0.1655 | M2: 0.0255 | N2: 0.17 | O2: 0.0254
A3: 15 | B3: 1034.0432 | C3: 1781.6996 | E3: 476.37131 | F3: 45.304599 | G3: 11.094916 | H3: 54.955625 | J3: 16.599864 | K3: 3.064566 | L3: 7.8238434 | N3: 3.5079491
A4: 16 | B4: 245.31857 | C4: 596.78776 | E4: 278.86423 | F4: 38.624637 | G4: 10.390675 | H4: 24.219737 | J4: 12.988554 | K4: 2.5745193 | L4: 4.9377903 | N4: 4.4451114
A5: 20 | B5: 73.50371 | C5: 233.62538 | E5: 175.72799 | F5: 40.419738 | G5: 11.377122 | H5: 33.449854 | J5: 20.632013 | K5: 3.7600849 | L5: 9.9458186 | N5: 5.9405549
A6: 21 | B6: 119.25221 | C6: 419.29094 | E6: 250.70072 | F6: 30.735235 | G6: 6.9827542 | H6: 17.747186 | J6: 9.577458 | K6: 1.7153426 | L6: 3.7546305 | N6: 1.4955916
A7: 26 | B7: 110.41768 | C7: 278.01964 | E7: 226.77415 | F7: 107.00869 | G7: 43.214541 | H7: 130.54156 | J7: 202.14862 | K7: 45.975457 | L7: 155.23532 | N7: 139.92229
A8: 27 | B8: 119.88284 | C8: 462.66892 | E8: 431.0176 | F8: 88.850839 | G8: 25.776979 | H8: 64.999971 | J8: 52.944556 | K8: 10.310295 | L8: 28.493281 | N8: 25.399656
A9: 28 | B9: 112.27071 | C9: 484.68148 | E9: 434.37781 | F9: 85.743796 | G9: 24.524151 | H9: 63.023772 | J9: 54.334172 | K9: 11.340021 | L9: 33.618613 | N9: 29.651319
A10: 32 | B10: 128.84464 | C10: 566.86529 | E10: 533.37701 | F10: 108.79519 | G10: 30.423668 | H10: 65.263657 | J10: 47.439473 | K10: 8.8715454 | L10: 21.436387 | N10: 17.344705
A11: 33 | B11: 177.5212 | C11: 785.60467 | E11: 651.27022 | F11: 124.46545 | G11: 32.414096 | H11: 68.982309 | J11: 69.634282 | K11: 14.196713 | L11: 41.910994 | N11: 36.235466
A12: 44 | B12: 66.154722 | C12: 168.53461 | E12: 86.468565 | F12: 11.092044 | G12: 2.9045034 | H12: 8.8532852 | J12: 5.5091964 | K12: 1.0660738 | L12: 2.7028238 | N12: 1.3616188
A13: 45 | B13: 79.83491 | C13: 152.16439 | E13: 68.285755 | F13: 8.9608948 | G13: 2.2695313 | H13: 5.8044676 | J13: 4.8853062 | K13: 0.99705084 | L13: 3.2737241 | N13: 2.2049916
A14: 15 | B14: 86.945288 | C14: 422.2581 | E14: 391.58211 | F14: 69.428906 | G14: 18.785499 | H14: 44.003416 | J14: 30.615247 | K14: 5.4273051 | L14: 12.017833 | N14: 7.4592621
... A26: 25 | B26: 39.873802 | C26: 172.23304 | E26: 288.42039 | F26: 204.58702 | G26: 94.672837 | H26: 366.66404 | J26: 618.74001 | K26: 140.11129 | L26: 500.36581 | N26: 528.36255
A28: 15 | B28: =B3/B$2 -> 4363.0515 | C28: =C3/C$2 -> 2911.2739 | E28: =E3/E$2 -> 1020.067 | F28: =F3/F$2 -> 296.10849 | G28: =G3/G$2 -> 191.29166 | H28: =H3/H$2 -> 267.42396 | J28: =J3/J$2 -> 65.353797 | K28: =K3/K$2 -> 54.144276 | L28: =L3/L$2 -> 47.273978 | N28: =N3/N$2 -> 20.634995
A29: 16 | B29: =B4/B$2 -> 1035.0994 | C29: =C4/C$2 -> 975.1434 | E29: =E4/E$2 -> 597.13968 | F29: =F4/F$2 -> 252.44861 | G29: =G4/G$2 -> 179.14957 | H29: =H4/H$2 -> 117.8576 | J29: =J4/J$2 -> 51.13604 | K29: =K4/K$2 -> 45.486207 | L29: =L4/L$2 -> 29.835591 | N29: =N4/N$2 -> 26.147714
A30: 20 | B30: =B5/B$2 -> 310.14224 | C30: =C5/C$2 -> 381.74082 | E30: =E5/E$2 -> 376.2912 | F30: =F5/F$2 -> 264.1813 | G30: =G5/G$2 -> 196.15728 | H30: =H5/H$2 -> 162.77301 | J30: =J5/J$2 -> 81.228399 | K30: =K5/K$2 -> 66.432595 | L30: =L5/L$2 -> 60.095581 | N30: =N5/N$2 -> 34.944441
A31: 21 | B31: =B6/B$2 -> 503.17389 | C31: =C6/C$2 -> 685.11592 | E31: =E6/E$2 -> 536.83239 | F31: =F6/F$2 -> 200.88389 | G31: =G6/G$2 -> 120.39231 | H31: =H6/H$2 -> 86.361001 | J31: =J6/J$2 -> 37.706527 | K31: =K6/K$2 -> 30.306406 | L31: =L6/L$2 -> 22.686589 | N31: =N6/N$2 -> 8.7975975
A32: 26 | B32: =B7/B$2 -> 465.89738 | C32: =C7/C$2 -> 454.28046 | E32: =E7/E$2 -> 485.59774 | F32: =F7/F$2 -> 699.40321 | G32: =G7/G$2 -> 745.07829 | H32: =H7/H$2 -> 635.23874 | J32: =J7/J$2 -> 795.86071 | K32: =K7/K$2 -> 812.28723 | L32: =L7/L$2 -> 937.97776 | N32: =N7/N$2 -> 823.07231
A33: 27 | B33: =B8/B$2 -> 505.83476 | C33: =C8/C$2 -> 755.99496 | E33: =E8/E$2 -> 922.94989 | F33: =F8/F$2 -> 580.72444 | G33: =G8/G$2 -> 444.43068 | H33: =H8/H$2 -> 316.30156 | J33: =J8/J$2 -> 208.44313 | K33: =K8/K$2 -> 182.16069 | L33: =L8/L$2 -> 172.16484 | N33: =N8/N$2 -> 149.40974
A34: 28 | B34: =B9/B$2 -> 473.71609 | C34: =C9/C$2 -> 791.96321 | E34: =E9/E$2 -> 930.14521 | F34: =F9/F$2 -> 560.41697 | G34: =G9/G$2 -> 422.8302 | H34: =H9/H$2 -> 306.68502 | J34: =J9/J$2 -> 213.91406 | K34: =K9/K$2 -> 200.35373 | L34: =L9/L$2 -> 203.13361 | N34: =N9/N$2 -> 174.41953
A35: 32 | B35: =B10/B$2 -> 543.64826 | C35: =C10/C$2 -> 926.25048 | E35: =E10/E$2 -> 1142.1349 | F35: =F10/F$2 -> 711.07967 | G35: =G10/G$2 -> 524.54599 | H35: =H10/H$2 -> 317.58471 | J35: =J10/J$2 -> 186.76958 | K35: =K10/K$2 -> 156.74109 | L35: =L10/L$2 -> 129.525 | N35: =N10/N$2 -> 102.02768
A36: 33 | B36: =B11/B$2 -> 749.03459 | C36: =C11/C$2 -> 1283.6678 | E36: =E11/E$2 -> 1394.5829 | F36: =F11/F$2 -> 813.49969 | G36: =G11/G$2 -> 558.86372 | H36: =H11/H$2 -> 335.68033 | J36: =J11/J$2 -> 274.15072 | K36: =K11/K$2 -> 250.82533 | L36: =L11/L$2 -> 253.23863 | N36: =N11/N$2 -> 213.1498
A37: 44 | B37: =B12/B$2 -> 279.13385 | C37: =C12/C$2 -> 275.38336 | E37: =E12/E$2 -> 185.15753 | F37: =F12/F$2 -> 72.497023 | G37: =G12/G$2 -> 50.077645 | H37: =H12/H$2 -> 43.08168 | J37: =J12/J$2 -> 21.68975 | K37: =K12/K$2 -> 18.835226 | L37: =L12/L$2 -> 16.331262 | N37: =N12/N$2 -> 8.0095222
A38: 45 | B38: =B13/B$2 -> 336.85616 | C38: =C13/C$2 -> 248.63463 | E38: =E13/E$2 -> 146.22217 | F38: =F13/F$2 -> 58.56794 | G38: =G13/G$2 -> 39.12985 | H38: =H13/H$2 -> 28.245585 | J38: =J13/J$2 -> 19.233489 | K38: =K13/K$2 -> 17.615739 | L38: =L13/L$2 -> 19.78081 | N38: =N13/N$2 -> 12.970539
A39: 15 | B39: =B14/B$2 -> 366.85776 | C39: =C14/C$2 -> 689.96422 | E39: =E14/E$2 -> 838.5056 | F39: =F14/F$2 -> 453.7837 | G39: =G14/G$2 -> 323.88791 | H39: =H14/H$2 -> 214.12855 | J39: =J14/J$2 -> 120.53247 | K39: =K14/K$2 -> 95.888783 | L39: =L14/L$2 -> 72.615307 | N39: =N14/N$2 -> 43.878012
... A51: 25 | B51: =B26/B$2 -> 168.24389 | C51: =C26/C$2 -> 281.42654 | E51: =E26/E$2 -> 617.60255 | F51: =F26/F$2 -> 1337.1701 | G51: =G26/G$2 -> 1632.2903 | H51: =H26/H$2 -> 1784.2533 | J51: =J26/J$2 -> 2435.9843 | K51: =K26/K$2 -> 2475.4645 | L51: =L26/L$2 -> 3023.3584 | N51: =N26/N$2 -> 3108.015

Sheet генерации
A1: № образца | B1: генерация | C1: №анализа EPMA | D1: SiO2 | E1: кружок | F1: точка_SIMS | G1: SiO2 | H1: TiO2 | I1: Al2O3 | J1: Cr2O3 | K1: FeO | L1: MgO | M1: MnO | N1: CaO | O1: NiO | P1: Na2O | Q1: K2O | R1: SrO | S1: BaO | T1: P2O5 | U1: F | V1: S | W1: Zr | X1: Nb | Y1: Y | Z1: V | AA1: W | AB1: Cl | AC1: Total | AD1: 085Rb | AE1: 087Rb_str | AF1: 088Sr | AG1: 090Zr | AH1: 140Ce | AI1: 149Sm | AJ1: 158Gd | AK1: 167Er | AL1: 174Yb | AM1: 178Hf | AN1: 232Th | AO1: 238U | AP1: 181Ta | AQ1: 165Ho | AR1: 163Dy | AS1: 153Eu | AT1: 143Nd | AU1: 139La | AV1: 093Nb | AW1: 089Y | AX1: 051V | AY1: 047Ti | AZ1: 011B | BA1: 007Li | BB1: 158Gd str | BC1: 174Yb str | BD1: 153Eu str | BE1: 167Er str | BF1: TiO2(SIMS) | BG1: ZrO2( SIMS) | BJ1: 5993.429 | BK1: Sm/Ybn | BL1: Sm/Lan | BM1: Y/Ho | BN1: La/Ybn | BO1: Nb/Ta | BP1: REEsum | BQ1: Zr/Hf | BR1: Th/U | BS1: Fe2+/Fe3+ | BT1: Sm/Nd | BU1: рудные
A2: 19ТР-4 | B2: центры турьяитов | C2: 1 | D2: 25.48 | E2: 22 | F2: 77 | G2: 25.48 | H2: 15.39 | I2: 1.26 | K2: 17.4 | L2: 1.65 | M2: 0.41 | N2: 30.36 | P2: 0.48 | Q2: 0 | U2: 0 | W2: 5.3 | X2: 0 | Y2: 0 | AC2: 97.73 | AD2: 21.155449 | AE2: 4.7988572 | AF2: 201.72298 | AG2: 63250.07 | AH2: 217.30704 | AI2: 167.31713 | AJ2: 364.92042 | AK2: 344.63183 | AL2: 379.97022 | AM2: 1128.028 | AN2: 1.8128954 | AO2: 4.329425 | AP2: 64.831413 | AQ2: 97.56413 | AR2: 428.42099 | AS2: 74.975128 | AT2: 303.05699 | AU2: 55.227439 | AV2: 283.54327 | AW2: 2660.626 | AX2: 766.52651 | AY2: 155640.11 | AZ2: 5.3177391 | BA2: 29.233751 | BB2: 260.01303 | BC2: 318.92862 | BD2: 74.663187 | BE2: 329.30006 | BF2: =AY2/$BJ$1 -> 25.968459 | BG2: =AG2/$BJ$2 -> 8.5437531 | BH2: =AI2/AT2 -> 0.55209793 | BI2: =BH2*0.604 -> 0.33346715 | BJ2: 7403.078 | BK2: =AI2/BC2 -> 0.52462252 | BL2: 4.6929122 | BM2: 27.270535 | BN2: =AU2/BC2 -> 0.17316552 | BO2: 4.3735476 | BP2: =AH2+AI2+BB2+BE2+BC2+AR2+AQ2+BD2+AT2+AU2 -> 2251.7986 | BQ2: =AG2/AM2 -> 56.071366 | BR2: =AN2/AO2 -> 0.41873815 | BS2: 0.074962077 | BT2: =AI2/AT2 -> 0.55209793 | BU2: перовскит и титаномагнетит (0.18 VO2), cazrtio
A3: 19ТР-4 | B3: центры турьяитов | C3: Spectrum 8 | D3: 24.49 | E3: 23 | F3: 79 | G3: 24.49 | H3: 15.2 | I3: 1.26 | K3: 16.48 | L3: 1.73 | M3: 0.42 | N3: 30.08 | P3: 0.58 | Q3: 0 | U3: 0 | W3: 7.97 | X3: 0 | Y3: 0.34 | AC3: 98.66 | AD3: 26.824959 | AE3: 11.555289 | AF3: 308.32914 | AG3: 75783.192 | AH3: 172.23304 | AI3: 204.58702 | AJ3: 450.04944 | AK3: 519.80649 | AL3: 605.39554 | AM3: 1305.4875 | AN3: 1.3830422 | AO3: 5.7972277 | AP3: 90.861199 | AQ3: 140.11129 | AR3: 618.74001 | AS3: 95.115768 | AT3: 288.42039 | AU3: 39.873802 | AV3: 262.13161 | AW3: 4068.8842 | AX3: 1088.1476 | AY3: 205232.35 | AZ3: 3.3370304 | BA3: 27.812966 | BB3: 366.66404 | BC3: 528.36255 | BD3: 94.672837 | BE3: 500.36581 | BF3: =AY3/$BJ$1 -> 34.242893 | BG3: =AG3/$BJ$2 -> 10.236714 | BH3: =AI3/AT3 -> 0.7093362 | BI3: =BH3*0.604 -> 0.42843906 | BK3: =AI3/BC3 -> 0.38720954 | BL3: 7.9478077 | BM3: 29.040373 | BN3: 0.054132264 | BO3: 2.8849675 | BP3: =AH3+AI3+BB3+BE3+BC3+AR3+AQ3+BD3+AT3+AU3 -> 2954.0308 | BQ3: =AG3/AM3 -> 58.049728 | BR3: =AN3/AO3 -> 0.23856959 | BS3: 0.34934726 | BT3: =AI3/AT3 -> 0.7093362
BH4: =AI4/AT4 -> #DIV/0! | BI4: =BH4*0.604 -> #DIV/0! | BK4: =AI4/BC4 -> #DIV/0! | BR4: =AN4/AO4 -> #DIV/0!
BH5: =AI5/AT5 -> #DIV/0! | BI5: =BH5*0.604 -> #DIV/0! | BK5: =AI5/BC5 -> #DIV/0! | BR5: =AN5/AO5 -> #DIV/0!
A6: 19ТР-18 | B6: центры | C6: 11 | D6: 28.37 | E6: 20 | F6: 71 | G6: 28.37 | H6: 17.48 | I6: 0.78 | K6: 17.73 | L6: 1.09 | M6: 0.41 | N6: 31.13 | P6: 0.47 | W6: 0.52 | X6: 0.44 | AC6: 98.41 | AD6: 16.828483 | AE6: -7.8980637 | AF6: 354.36418 | AG6: 8252.0044 | AH6: 514.39341 | AI6: 109.17764 | AJ6: 257.81043 | AK6: 70.249815 | AL6: 72.01768 | AM6: 118.24257 | AN6: 16.40806 | AO6: 12.592618 | AP6: 43.093545 | AQ6: 20.609464 | AR6: 97.341864 | AS6: 35.71683 | AT6: 386.36411 | AU6: 170.50923 | AV6: 4643.1749 | AW6: 541.50899 | AX6: 653.36166 | AY6: 155343.37 | AZ6: 8.95481 | BA6: 38.157365 | BB6: 116.53616 | BC6: 48.694135 | BD6: 36.098421 | BE6: 62.837154 | BF6: =AY6/$BJ$1 -> 25.918947 | BG6: =AG6/$BJ$2 -> 1.1146721 | BH6: =AI6/AT6 -> 0.28257707 | BI6: =BH6*0.604 -> 0.17067655 | BK6: =AI6/BC6 -> 2.2421107 | BL6: 0.99184254 | BM6: 26.274773 | BN6: 2.5117234 | BO6: 107.74641 | BP6: =AH6+AI6+BB6+BE6+BC6+AR6+AQ6+BD6+AT6+AU6 -> 1562.5616 | BQ6: =AG6/AM6 -> 69.78878 | BR6: =AN6/AO6 -> 1.3029904 | BS6: 0.51632413 | BT6: =AI6/AT6 -> 0.28257707
A7: 19ТР-18 | B7: центры | C7: 12 | D7: 27.19 | E7: 20 | F7: 72 | G7: 27.19 | H7: 18.58 | I7: 0.97 | K7: 17.07 | L7: 1.32 | M7: 0.37 | N7: 31.21 | P7: 0.39 | W7: 0.76 | X7: 0.29 | AC7: 98.16 | AD7: 17.499474 | AE7: 7.7176914 | AF7: 353.49798 | AG7: 8953.2926 | AH7: 482.81437 | AI7: 126.7816 | AJ7: 281.8801 | AK7: 96.315236 | AL7: 104.76118 | AM7: 168.1849 | AN7: 11.453377 | AO7: 10.346472 | AP7: 45.339978 | AQ7: 29.540593 | AR7: 143.08909 | AS7: 47.37855 | AT7: 417.00786 | AU7: 158.46151 | AV7: 3137.9957 | AW7: 768.04133 | AX7: 590.70417 | AY7: 161983.12 | AZ7: 10.16289 | BA7: 30.833656 | BB7: 130.22321 | BC7: 78.436418 | BD7: 47.26516 | BE7: 86.609531 | BF7: =AY7/$BJ$1 -> 27.026786 | BG7: =AG7/$BJ$2 -> 1.2094014 | BH7: =AI7/AT7 -> 0.30402687 | BI7: =BH7*0.604 -> 0.18363223 | BK7: =AI7/BC7 -> 1.6163614 | BL7: 1.2393367 | BM7: 25.999523 | BN7: 1.4491276 | BO7: 69.210349 | BP7: =AH7+AI7+BB7+BE7+BC7+AR7+AQ7+BD7+AT7+AU7 -> 1700.2293 | BQ7: =AG7/AM7 -> 53.234819 | BR7: =AN7/AO7 -> 1.1069838 | BS7: 0.5686308 | BT7: =AI7/AT7 -> 0.30402687 | BU7: ilm (есть nb,zr), Pyr
A8: 19ТР-18 | B8: центры | C8: 13 | D8: 30.62 | E8: 20 | F8: 73 | G8: 30.62 | H8: 13.38 | I8: 0.79 | K8: 18.86 | L8: 0.77 | M8: 0.4 | N8: 32.63 | P8: 0.46 | W8: 0.52 | X8: 0.4 | AC8: 98.83 | AD8: 22.906804 | AE8: -360.75597 | AF8: 12160.476 | AG8: 7061.1784 | AH8: 584.04861 | AI8: 80.434363 | AJ8: 220.71931 | AK8: 58.268804 | AL8: 72.883443 | AM8: 133.17051 | AN8: 7.9918879 | AO8: 19.130986 | AP8: 25.282921 | AQ8: 16.950913 | AR8: 81.493515 | AS8: 37.891985 | AT8: 291.54754 | AU8: 350.47007 | AV8: 4707.2347 | AW8: 485.49916 | AX8: 3430.6765 | AY8: 156306.31 | AZ8: 23.091757 | BA8: 78.11808 | BB8: 75.680526 | BC8: 56.248096 | BD8: 28.595386 | BE8: 52.39686 | BF8: 26.079614 | BG8: 0.95381656 | BH8: =AI8/AT8 -> 0.27588764 | BI8: =BH8*0.604 -> 0.16663613 | BK8: =AI8/BC8 -> 1.4299926 | BL8: 0.35550655 | BM8: 28.641476 | BN8: 4.469343 | BO8: 186.18239 | BP8: 1617.8659 | BQ8: 53.023589 | BR8: =AN8/AO8 -> 0.41774574 | BS8: 0.23131711 | BT8: =AI8/AT8 -> 0.27588764
BH9: =AI9/AT9 -> #DIV/0! | BI9: =BH9*0.604 -> #DIV/0! | BK9: =AI9/BC9 -> #DIV/0! | BR9: =AN9/AO9 -> #DIV/0!
A10: 19ТР-18 | B10: центры | C10: 16 | D10: 28.28 | E10: 21 | F10: 75 | G10: 28.28 | H10: 17.24 | I10: 0.76 | K10: 17.8 | L10: 1.14 | M10: 0.41 | N10: 31.15 | P10: 0.47 | W10: 0.59 | X10: 0.48 | AC10: 98.3 | AD10: 21.145436 | AE10: 13.22042 | AF10: 401.76143 | AG10: 6770.9198 | AH10: 387.62676 | AI10: 95.506861 | AJ10: 214.83012 | AK10: 57.591841 | AL10: 64.096595 | AM10: 120.48435 | AN10: 11.100646 | AO10: 10.16145 | AP10: 36.135517 | AQ10: 17.872781 | AR10: 87.725785 | AS10: 31.25823 | AT10: 310.99156 | AU10: 123.35785 | AV10: 3233.7511 | AW10: 477.06804 | AX10: 1018.9027 | AY10: 119980.17 | AZ10: 6.6425869 | BA10: 85.926345 | BB10: 92.57054 | BC10: 45.535683 | BD10: 31.346846 | BE10: 51.154896 | BF10: =AY10/$BJ$1 -> 20.018618 | BG10: =AG10/$BJ$2 -> 0.91460873 | BH10: =AI10/AT10 -> 0.30710435 | BI10: =BH10*0.604 -> 0.18549103 | BK10: =AI10/BC10 -> 2.097407 | BL10: 1.1992913 | BM10: 26.692435 | BN10: 1.9431911 | BO10: 89.48955 | BP10: =AH10+AI10+BB10+BE10+BC10+AR10+AQ10+BD10+AT10+AU10 -> 1243.6896 | BQ10: =AG10/AM10 -> 56.197504 | BR10: =AN10/AO10 -> 1.0924274 | BS10: 0.48004578 | BT10: =AI10/AT10 -> 0.30710435
BH11: =AI11/AT11 -> #DIV/0! | BI11: =BH11*0.604 -> #DIV/0! | BK11: =AI11/BC11 -> #DIV/0! | BR11: =AN11/AO11 -> #DIV/0!
A12: 18КЛ-20 | B12: центры | C12: 26 | D12: 28.03 | E12: 15 | F12: 60 | G12: 28.03 | H12: 16.25 | I12: 0.72 | K12: 16.21 | L12: 1.07 | M12: 0.51 | N12: 30.03 | P12: 0.86 | W12: 2.5 | X12: 1.3 | Z12: 0.35 | AC12: 97.84 | AD12: 16.101494 | AE12: 7.566526 | AF12: 301.56437 | AG12: 16400.555 | AH12: 278.01964 | AI12: 107.00869 | AJ12: 220.63405 | AK12: 164.10925 | AL12: 166.40044 | AM12: 232.47849 | AN12: 9.6226065 | AO12: 56.166388 | AP12: 37.71894 | AQ12: 45.975457 | AR12: 202.14862 | AS12: 42.267737 | AT12: 226.77415 | AU12: 110.41768 | AV12: 11813.969 | AW12: 1142.2974 | AX12: 1199.6323 | AY12: 127669.85 | AZ12: 6.3724175 | BA12: 34.350574 | BB12: 130.54156 | BC12: 139.92229 | BD12: 43.214541 | BE12: 155.23532 | BF12: =AY12/$BJ$1 -> 21.301637 | BG12: =AG12/$BJ$2 -> 2.2153698 | BH12: =AI12/AT12 -> 0.47187341 | BI12: =BH12*0.604 -> 0.28501154 | BK12: =AI12/BC12 -> 0.76477228 | BL12: =AI12/AU12 -> 0.96912642 | BM12: =AW12/AQ12 -> 24.845808 | BN12: =AU12/AL12 -> 0.66356602 | BO12: =AV12/AP12 -> 313.21052 | BP12: =AH12+AI12+AJ12+AK12+AQ12+AR12+AS12+AT12+AU12 -> 1397.3553 | BQ12: =AG12/AM12 -> 70.54655 | BR12: =AN12/AO12 -> 0.17132322 | BS12: 0.49678864 | BT12: =AI12/AT12 -> 0.47187341 | BU12: sph,spl,ti-mgt
BH13: =AI13/AT13 -> #DIV/0! | BI13: =BH13*0.604 -> #DIV/0! | BK13: =AI13/BC13 -> #DIV/0! | BR13: =AN13/AO13 -> #DIV/0!
A14: 19ТР-14 | B14: основная масса карбонат | C14: 15 | D14: 35.86 | E14: 10 | F14: 56 | G14: 35.86 | H14: 0.66 | I14: 5.09 | J14: 0 | K14: 20.02 | L14: 0.67 | M14: 0.45 | N14: 33.37 | P14: 0.08 | AC14: 96.32 | AD14: 120.54018 | AE14: 41.048473 | AF14: 6011.1496 | AG14: 733.82623 | AH14: 1781.6996 | AI14: 45.304599 | AJ14: 450.24065 | AK14: 10.102139 | AL14: 16.087784 | AM14: 9.9514345 | AN14: 33.439829 | AO14: 30.845801 | AP14: 8.5992775 | AQ14: 3.064566 | AR14: 16.599864 | AS14: 20.104094 | AT14: 476.37131 | AU14: 1034.0432 | AV14: 344.44166 | AW14: 67.425013 | AX14: 605.18692 | AY14: 6393.1943 | AZ14: 22.772075 | BA14: 31.182327 | BB14: 54.955625 | BC14: 3.5079491 | BD14: 11.094916 | BE14: 7.8238434 | BF14: =AY14/$BJ$1 -> 1.0667006 | BG14: =AG14/$BJ$2 -> 0.099124477 | BH14: =AI14/AT14 -> 0.095103541 | BI14: =BH14*0.604 -> 0.057442539 | BK14: =AI14/BC14 -> 12.914839 | BL14: 0.067867291 | BM14: 22.001488 | BN14: 211.43943 | BO14: 40.054721 | BP14: =AH14+AI14+BB14+BE14+BC14+AR14+AQ14+BD14+AT14+AU14 -> 3434.4655 | BQ14: =AG14/AM14 -> 73.740749 | BR14: =AN14/AO14 -> 1.0840966 | BS14: 0.001 | BT14: =AI14/AT14 -> 0.095103541 | BU14: ti-mgt много ti,v, chpyr
A15: 19ТР-14 | B15: основная масса карбонат | C15: 16 | D15: 35.76 | E15: 10 | F15: 57 | G15: 35.76 | H15: 1.13 | I15: 5.21 | J15: 0 | K15: 19.41 | L15: 0.76 | M15: 0.36 | N15: 33.28 | P15: 0 | AC15: 96.07 | AD15: 248.67829 | AE15: 234.55855 | AF15: 1158.1435 | AG15: 347.85326 | AH15: 596.78776 | AI15: 38.624637 | AJ15: 159.15416 | AK15: 7.0714723 | AL15: 8.9077377 | AM15: 6.5084448 | AN15: 29.67671 | AO15: 7.2611026 | AP15: 8.4415199 | AQ15: 2.5745193 | AR15: 12.988554 | AS15: 26.308437 | AT15: 278.86423 | AU15: 245.31857 | AV15: 253.57488 | AW15: 43.156379 | AX15: 334.29366 | AY15: 5839.1291 | AZ15: 18.009009 | BA15: 30.284712 | BB15: 24.219737 | BC15: 4.4451114 | BD15: 10.390675 | BE15: 4.9377903 | BF15: =AY15/$BJ$1 -> 0.97425516 | BG15: =AG15/$BJ$2 -> 0.046987653 | BH15: =AI15/AT15 -> 0.13850696 | BI15: =BH15*0.604 -> 0.083658204 | BK15: =AI15/BC15 -> 8.6892394 | BL15: 0.24388827 | BM15: 16.762888 | BN15: 39.586613 | BO15: 30.039008 | BP15: =AH15+AI15+BB15+BE15+BC15+AR15+AQ15+BD15+AT15+AU15 -> 1219.1516 | BQ15: =AG15/AM15 -> 53.446449 | BR15: =AN15/AO15 -> 4.0870804 | BS15: 0.001 | BT15: =AI15/AT15 -> 0.13850696
A16: 19ТР-14 | B16: основная масса карбонат | C16: 21 | D16: 36.24 | E16: 10 | F16: 59 | G16: 36.24 | H16: 0.74 | I16: 6.18 | J16: 0 | K16: 19.34 | L16: 0.49 | M16: 0.15 | N16: 34.07 | P16: 0 | AC16: 97.29 | AD16: 72.349975 | AE16: 53.66466 | AF16: 900.24921 | AG16: 158.05262 | AH16: 419.29094 | AI16: 30.735235 | AJ16: 136.17183 | AK16: 5.1885101 | AL16: 5.0617672 | AM16: 4.1268597 | AN16: 19.820978 | AO16: 5.8725745 | AP16: 12.536784 | AQ16: 1.7153426 | AR16: 9.577458 | AS16: 8.2284188 | AT16: 250.70072 | AU16: 119.25221 | AV16: 1116.6029 | AW16: 24.409094 | AX16: 328.37991 | AY16: 10524.167 | AZ16: 13.236568 | BA16: 9.7623404 | BB16: 17.747186 | BC16: 1.4955916 | BD16: 6.9827542 | BE16: 3.7546305 | BF16: =AY16/$BJ$1 -> 1.7559509 | BG16: =AG16/$BJ$2 -> 0.021349581 | BH16: =AI16/AT16 -> 0.12259731 | BI16: =BH16*0.604 -> 0.074048777 | BK16: =AI16/BC16 -> 20.550554 | BL16: 0.39923353 | BM16: 14.229865 | BN16: 57.194466 | BO16: 89.066136 | BP16: =AH16+AI16+BB16+BE16+BC16+AR16+AQ16+BD16+AT16+AU16 -> 861.25208 | BQ16: =AG16/AM16 -> 38.298519 | BR16: =AN16/AO16 -> 3.3751769 | BS16: 0.001 | BT16: =AI16/AT16 -> 0.12259731
BH17: =AI17/AT17 -> #DIV/0! | BI17: =BH17*0.604 -> #DIV/0! | BK17: =AI17/BC17 -> #DIV/0! | BR17: =AN17/AO17 -> #DIV/0!
A18: 19ТР-9 | B18: поздние каймы | C18: 44 | D18: 33.64 | E18: 17 | F18: 65 | G18: 33.64 | H18: 7.45 | I18: 2.28 | K18: 19.15 | L18: 0 | M18: 0.18 | N18: 33.27 | P18: 0.19 | AC18: 97.23 | AD18: 25.600275 | AE18: -11.980122 | AF18: 602.93746 | AG18: 194.38244 | AH18: 168.53461 | AI18: 11.092044 | AJ18: 51.878465 | AK18: 3.2992515 | AL18: 3.2050887 | AM18: 5.1570469 | AN18: 8.2131271 | AO18: 1.7834475 | AP18: 3.5139397 | AQ18: 1.0660738 | AR18: 5.5091964 | AS18: 3.0509331 | AT18: 86.468565 | AU18: 66.154722 | AV18: 275.7145 | AW18: 30.136638 | AX18: 1051.2632 | AY18: 67693.958 | AZ18: 3.7911879 | BA18: 32.453493 | BB18: 8.8532852 | BC18: 1.3616188 | BD18: 2.9045034 | BE18: 2.7028238 | BF18: =AY18/$BJ$1 -> 11.294696 | BG18: =AG18/$BJ$2 -> 0.026256976 | BH18: =AI18/AT18 -> 0.12827835 | BI18: =BH18*0.604 -> 0.077480121 | BK18: =AI18/BC18 -> 8.1462188 | BL18: 0.25972136 | BM18: 28.268811 | BN18: 34.850249 | BO18: 78.46307 | BP18: =AH18+AI18+BB18+BE18+BC18+AR18+AQ18+BD18+AT18+AU18 -> 354.64745 | BQ18: =AG18/AM18 -> 37.692588 | BR18: =AN18/AO18 -> 4.605197 | BS18: 0.16910522 | BT18: =AI18/AT18 -> 0.12827835 | BU18: ttn
A19: 19ТР-9 | B19: поздние каймы | C19: 45 | D19: 35.58 | E19: 17 | F19: 66 | G19: 35.58 | H19: 1.62 | I19: 2.52 | K19: 23.08 | L19: 0.17 | M19: 0.07 | N19: 32.94 | P19: 0.09 | AC19: 97.33 | AD19: 120.67089 | AE19: 97.974972 | AF19: 816.27666 | AG19: 58.95899 | AH19: 152.16439 | AI19: 8.9608948 | AJ19: 39.111367 | AK19: 3.739763 | AL19: 3.3102606 | AM19: 2.7292877 | AN19: 10.315903 | AO19: 1.4674208 | AP19: 2.4100091 | AQ19: 0.99705084 | AR19: 4.8853062 | AS19: 4.2683776 | AT19: 68.285755 | AU19: 79.83491 | AV19: 133.12032 | AW19: 25.899123 | AX19: 418.53212 | AY19: 9877.7362 | AZ19: 17.763153 | BA19: 11.869815 | BB19: 5.8044676 | BC19: 2.2049916 | BD19: 2.2695313 | BE19: 3.2737241 | BF19: =AY19/$BJ$1 -> 1.6480943 | BG19: =AG19/$BJ$2 -> 0.0079641184 | BH19: =AI19/AT19 -> 0.13122641 | BI19: =BH19*0.604 -> 0.079260754 | BK19: =AI19/BC19 -> 4.0639133 | BL19: 0.17386632 | BM19: 25.97573 | BN19: 25.970868 | BO19: 55.236442 | BP19: =AH19+AI19+BB19+BE19+BC19+AR19+AQ19+BD19+AT19+AU19 -> 328.68103 | BQ19: =AG19/AM19 -> 21.602336 | BR19: =AN19/AO19 -> 7.0299551 | BS19: 0.043693434 | BT19: =AI19/AT19 -> 0.13122641
A20: 19ТР-12 | B20: поздние каймы | C20: Спектр 8067 | D20: 35.52 | E20: 18 | F20: 68 | G20: 35.52 | H20: 2.41 | I20: 6.28 | K20: 18.06 | N20: 33.94 | W20: 0.21 | Z20: 0.31 | AC20: 99.13 | AD20: 19.738275 | AE20: 10.926493 | AF20: 795.8279 | AG20: 496.65317 | AH20: 80.559283 | AI20: 13.09262 | AJ20: 34.03186 | AK20: 3.2789355 | AL20: 3.3506098 | AM20: 11.613744 | AN20: 2.5772759 | AO20: 1.1903946 | AP20: 2.7373581 | AQ20: 0.94728371 | AR20: 4.9551234 | AS20: 3.5172637 | AT20: 74.691446 | AU20: 22.979261 | AV20: 90.632215 | AW20: 21.043958 | AX20: 185.01329 | AY20: 14970.99 | AZ20: 5.4972745 | BA20: 13.450927 | BB20: 7.5139897 | BC20: 1.5352522 | BD20: 3.5190589 | BE20: 2.5563113 | BF20: =AY20/$BJ$1 -> 2.4979007 | BG20: =AG20/$BJ$2 -> 0.067087389 | BH20: =AI20/AT20 -> 0.17528942 | BI20: =BH20*0.604 -> 0.10587481 | BK20: =AI20/BC20 -> 8.5279932 | BL20: 0.88256645 | BM20: 22.215053 | BN20: 10.736356 | BO20: 33.109374 | BP20: =AH20+AI20+BB20+BE20+BC20+AR20+AQ20+BD20+AT20+AU20 -> 212.34963 | BQ20: =AG20/AM20 -> 42.764262 | BR20: =AN20/AO20 -> 2.1650602 | BS20: 0.064087588 | BT20: =AI20/AT20 -> 0.17528942 | BU20: ti-mgt много ti,v
A21: 19ТР-18 | B21: поздние каймы | C21: 3 | D21: 34.63 | E21: 19 | F21: 70 | G21: 34.63 | H21: 2.52 | I21: 0.62 | K21: 25.55 | L21: 0.06 | M21: 0.42 | N21: 32.49 | P21: 0.19 | W21: 0 | X21: 0 | AC21: 96.51 | AD21: 33.317293 | AE21: -12.417014 | AF21: 159.87472 | AG21: 696.98624 | AH21: 42.910361 | AI21: 8.4448085 | AJ21: 18.913392 | AK21: 4.7579841 | AL21: 4.6504863 | AM21: 13.598604 | AN21: 2.9711835 | AO21: 1.1871599 | AP21: 1.22963 | AQ21: 1.5960987 | AR21: 7.325058 | AS21: 2.8550013 | AT21: 35.287657 | AU21: 12.940779 | AV21: 214.44473 | AW21: 37.542993 | AX21: 2264.2389 | AY21: 24008.896 | AZ21: 4.2781321 | BA21: 67.097933 | BB21: 8.9852694 | BC21: 3.546061 | BD21: 2.711202 | BE21: 4.20125 | BF21: =AY21/$BJ$1 -> 4.0058698 | BG21: =AG21/$BJ$2 -> 0.094148169 | BH21: =AI21/AT21 -> 0.23931338 | BI21: =BH21*0.604 -> 0.14454528 | BK21: =AI21/BC21 -> 2.3814617 | BL21: 1.010849 | BM21: 23.521723 | BN21: 2.6176694 | BO21: 174.39777 | BP21: =AH21+AI21+BB21+BE21+BC21+AR21+AQ21+BD21+AT21+AU21 -> 127.94854 | BQ21: =AG21/AM21 -> 51.254251 | BR21: =AN21/AO21 -> 2.5027661 | BS21: 0.024914729 | BT21: =AI21/AT21 -> 0.23931338 | BU21: ilm (есть nb,zr), Pyr
BH22: =AI22/AT22 -> #DIV/0! | BI22: =BH22*0.604 -> #DIV/0! | BK22: =AI22/BC22 -> #DIV/0! | BR22: =AN22/AO22 -> #DIV/0!
A23: 18КЛ-20 | B23: загнутые каймы | C23: 27 | D23: 29.99 | E23: 15 | F23: 61 | G23: 29.99 | H23: 12.85 | I23: 1.32 | K23: 17.94 | L23: 1.04 | M23: 0.33 | N23: 31.91 | P23: 0.34 | W23: 0.76 | X23: 0.23 | Z23: 0.42 | AC23: 97.42 | AD23: 11.871125 | AE23: 1.6750625 | AF23: 164.13157 | AG23: 5425.05 | AH23: 462.66892 | AI23: 88.850839 | AJ23: 202.21551 | AK23: 33.786477 | AL23: 37.964867 | AM23: 73.425534 | AN23: 25.271338 | AO23: 49.371659 | AP23: 15.079262 | AQ23: 10.310295 | AR23: 52.944556 | AS23: 25.931482 | AT23: 431.0176 | AU23: 119.88284 | AV23: 2221.1471 | AW23: 277.23583 | AX23: 1271.6459 | AY23: 75171.357 | AZ23: 18.682465 | BA23: 29.526228 | BB23: 64.999971 | BC23: 25.399656 | BD23: 25.776979 | BE23: 28.493281 | BF23: =AY23/$BJ$1 -> 12.542296 | BG23: =AG23/$BJ$2 -> 0.73281006 | BH23: =AI23/AT23 -> 0.20614202 | BI23: =BH23*0.604 -> 0.12450978 | BK23: =AI23/BC23 -> 3.498112 | BL23: 1.1480517 | BM23: 26.889224 | BN23: 3.3855541 | BO23: 147.29813 | BP23: =AH23+AI23+BB23+BE23+BC23+AR23+AQ23+BD23+AT23+AU23 -> 1310.3449 | BQ23: =AG23/AM23 -> 73.885061 | BR23: =AN23/AO23 -> 0.51185921 | BT23: =AI23/AT23 -> 0.20614202 | BU23: sph,spl,ti-mgt
A24: 18КЛ-20 | B24: загнутые каймы | C24: 27а | D24: 30 | E24: 15 | F24: 62 | G24: 29.99 | H24: 12.85 | I24: 1.32 | K24: 17.94 | L24: 1.04 | M24: 0.33 | N24: 31.91 | P24: 0.34 | W24: 0.76 | X24: 0.23 | Z24: 0.42 | AC24: 97.42 | AD24: 17.719353 | AE24: 2.4413274 | AF24: 186.63152 | AG24: 3931.3465 | AH24: 484.68148 | AI24: 85.743796 | AJ24: 198.34458 | AK24: 38.654545 | AL24: 40.659238 | AM24: 63.500843 | AN24: 30.966825 | AO24: 44.753145 | AP24: 11.802762 | AQ24: 11.340021 | AR24: 54.334172 | AS24: 24.296879 | AT24: 434.37781 | AU24: 112.27071 | AV24: 2613.7389 | AW24: 295.27207 | AX24: 2149.124 | AY24: 57652.051 | AZ24: 11.023345 | BA24: 22.9557 | BB24: 63.023772 | BC24: 29.651319 | BD24: 24.524151 | BE24: 33.618613 | BF24: =AY24/$BJ$1 -> 9.6192099 | BG24: =AG24/$BJ$2 -> 0.53104215 | BH24: =AI24/AT24 -> 0.19739451 | BI24: =BH24*0.604 -> 0.11922628 | BK24: =AI24/BC24 -> 2.8917363 | BL24: 1.1830229 | BM24: 26.038054 | BN24: 2.7159579 | BO24: 221.45147 | BP24: =AH24+AI24+BB24+BE24+BC24+AR24+AQ24+BD24+AT24+AU24 -> 1333.5659 | BQ24: =AG24/AM24 -> 61.910146 | BR24: =AN24/AO24 -> 0.69194746 | BT24: =AI24/AT24 -> 0.19739451 | BU24: sph,spl,ti-mgt
A25: 18КЛ-20 | B25: загнутые каймы | C25: 32 | D25: 29.78 | E25: 16 | F25: 63 | G25: 29.78 | H25: 13.74 | I25: 1.38 | K25: 17.55 | L25: 0.98 | M25: 0.31 | N25: 32.01 | P25: 0.27 | W25: 0 | X25: 0.37 | Z25: 0.46 | AC25: 97.31 | AD25: 16.567441 | AE25: 4.2619958 | AF25: 219.65719 | AG25: 1944.0573 | AH25: 566.86529 | AI25: 108.79519 | AJ25: 249.56455 | AK25: 27.683762 | AL25: 30.034818 | AM25: 33.638991 | AN25: 48.051684 | AO25: 51.566184 | AP25: 33.644576 | AQ25: 8.8715454 | AR25: 47.439473 | AS25: 30.454177 | AT25: 533.37701 | AU25: 128.84464 | AV25: 3015.6365 | AW25: 204.74148 | AX25: 1306.1137 | AY25: 93455.517 | AZ25: 6.5160791 | BA25: 25.177641 | BB25: 65.263657 | BC25: 17.344705 | BD25: 30.423668 | BE25: 21.436387 | BF25: =AY25/$BJ$1 -> 15.592996 | BG25: =AG25/$BJ$2 -> 0.26260121 | BH25: =AI25/AT25 -> 0.20397427 | BI25: =BH25*0.604 -> 0.12320046 | BK25: =AI25/BC25 -> 6.2725302 | BL25: 1.3079774 | BM25: 23.078445 | BN25: 5.328439 | BO25: 89.632175 | BP25: =AH25+AI25+BB25+BE25+BC25+AR25+AQ25+BD25+AT25+AU25 -> 1528.6616 | BQ25: =AG25/AM25 -> 57.791784 | BR25: =AN25/AO25 -> 0.93184486 | BT25: =AI25/AT25 -> 0.20397427 | BU25: sph,spl,ti-mgt
A26: 18КЛ-20 | B26: загнутые каймы | C26: 33 | D26: 30.07 | E26: 16 | F26: 64 | G26: 30.07 | H26: 12.53 | I26: 1.34 | K26: 17.76 | L26: 0.94 | M26: 0.34 | N26: 31.92 | P26: 0.34 | W26: 0 | X26: 0.26 | Z26: 0.45 | AC26: 95.96 | AD26: 19.993018 | AE26: 4.74881 | AF26: 166.08952 | AG26: 1958.3457 | AH26: 785.60467 | AI26: 124.46545 | AJ26: 311.64513 | AK26: 48.567094 | AL26: 49.218413 | AM26: 37.428371 | AN26: 67.444505 | AO26: 69.987683 | AP26: 45.02241 | AQ26: 14.196713 | AR26: 69.634282 | AS26: 32.611769 | AT26: 651.27022 | AU26: 177.5212 | AV26: 7070.5663 | AW26: 335.36849 | AX26: 1845.6146 | AY26: 120975.59 | AZ26: 6.8655278 | BA26: 41.210307 | BB26: 68.982309 | BC26: 36.235466 | BD26: 32.414096 | BE26: 41.910994 | BF26: =AY26/$BJ$1 -> 20.184704 | BG26: =AG26/$BJ$2 -> 0.26453127 | BH26: =AI26/AT26 -> 0.19111185 | BI26: =BH26*0.604 -> 0.11543155 | BK26: =AI26/BC26 -> 3.4349069 | BL26: 1.0860643 | BM26: 23.622967 | BN26: 3.5141229 | BO26: 157.04549 | BP26: =AH26+AI26+BB26+BE26+BC26+AR26+AQ26+BD26+AT26+AU26 -> 2002.2354 | BQ26: =AG26/AM26 -> 52.322493 | BR26: =AN26/AO26 -> 0.96366249 | BT26: =AI26/AT26 -> 0.19111185 | BU26: sph,spl,ti-mgt
A27: 19ТР-12 | B27: загнутые каймы | C27: 15 | D27: 28.21 | E27: 18 | F27: 67 | G27: 28.21 | H27: 14.97 | I27: 2.29 | K27: 19.74 | M27: 0.39 | N27: 31.74 | P27: 0.18 | W27: 0 | Z27: 0.29 | AC27: 98.91 | AD27: 11.627278 | AE27: 3.446909 | AF27: 500.18369 | AG27: 1272.3555 | AH27: 422.2581 | AI27: 69.428906 | AJ27: 165.19086 | AK27: 15.875358 | AL27: 15.013055 | AM27: 31.533989 | AN27: 19.857099 | AO27: 7.7801906 | AP27: 18.564142 | AQ27: 5.4273051 | AR27: 30.615247 | AS27: 19.428172 | AT27: 391.58211 | AU27: 86.945288 | AV27: 567.37414 | AW27: 112.37979 | AX27: 899.61967 | AY27: 75529.288 | AZ27: 5.3276993 | BA27: 27.242898 | BB27: 44.003416 | BC27: 7.4592621 | BD27: 18.785499 | BE27: 12.017833 | BF27: =AY27/$BJ$1 -> 12.602016 | BG27: =AG27/$BJ$2 -> 0.17186845 | BH27: =AI27/AT27 -> 0.17730357 | BI27: =BH27*0.604 -> 0.10709136 | BK27: =AI27/BC27 -> 9.3077445 | BL27: 1.2369473 | BM27: 20.70637 | BN27: 8.3608563 | BO27: 30.562907 | BP27: =AH27+AI27+BB27+BE27+BC27+AR27+AQ27+BD27+AT27+AU27 -> 1088.523 | BQ27: =AG27/AM27 -> 40.348701 | BR27: =AN27/AO27 -> 2.5522638 | BS27: 0.33794441 | BT27: =AI27/AT27 -> 0.17730357 | BU27: ti-mgt много ti,v
A28: 19ТР-4 | B28: загнутые каймы | C28: 25 | D28: 30.02 | E28: 22 | F28: 78 | G28: 31.95 | H28: 8.4 | I28: 1.97 | K28: 22.04 | L28: 0.96 | M28: 0.22 | N28: 32.74 | P28: 0.14 | Q28: 0 | U28: 0 | W28: 0 | X28: 0 | Y28: 0 | AC28: 97.44 | AD28: 24.128174 | AE28: 1.7206264 | AF28: 37.874223 | AG28: 4692.2572 | AH28: 282.15098 | AI28: 88.127256 | AJ28: 192.33135 | AK28: 38.16442 | AL28: 39.063105 | AM28: 73.986058 | AN28: 4.0096311 | AO28: 4.5018028 | AP28: 7.9857191 | AQ28: 11.541218 | AR28: 59.564952 | AS28: 25.409593 | AT28: 344.69829 | AU28: 45.106601 | AV28: 346.14573 | AW28: 299.00472 | AX28: 727.38314 | AY28: 31898.459 | AZ28: 3.4154736 | BA28: 3.1342608 | BB28: 82.234482 | BC28: 21.948699 | BD28: 25.595278 | BE28: 32.908536 | BF28: =AY28/$BJ$1 -> 5.3222386 | BG28: =AG28/$BJ$2 -> 0.63382518 | BH28: =AI28/AT28 -> 0.25566491 | BI28: =BH28*0.604 -> 0.1544216 | BK28: =AI28/BC28 -> 4.0151472 | BL28: 3.0264051 | BM28: 25.907552 | BN28: 1.4741168 | BO28: 43.345593 | BP28: =AH28+AI28+BB28+BE28+BC28+AR28+AQ28+BD28+AT28+AU28 -> 993.87629 | BQ28: =AG28/AM28 -> 63.42083 | BR28: =AN28/AO28 -> 0.89067232 | BS28: 0.061803614 | BT28: =AI28/AT28 -> 0.25566491 | BU28: перовскит и титаномагнетит (0.18 VO2)
A29: 19ТР-14 | B29: загнутые каймы | C29: 20 | D29: 30.33 | E29: 10 | F29: 58 | G29: 30.33 | H29: 10.51 | I29: 2.78 | J29: 0 | K29: 19.88 | L29: 1.02 | M29: 0.13 | N29: 32.6 | P29: 0.14 | AC29: 97.49 | AD29: 26.367988 | AE29: -74.940222 | AF29: 1892.0579 | AG29: 1058.8892 | AH29: 233.62538 | AI29: 40.419738 | AJ29: 121.08612 | AK29: 12.282063 | AL29: 14.493058 | AM29: 28.721554 | AN29: 13.856181 | AO29: 2.1506082 | AP29: 9.08357 | AQ29: 3.7600849 | AR29: 20.632013 | AS29: 12.880892 | AT29: 175.72799 | AU29: 73.50371 | AV29: 269.07941 | AW29: 68.356805 | AX29: 154.85835 | AY29: 44211.343 | AZ29: 9.6612716 | BA29: 7.1549451 | BB29: 33.449854 | BC29: 5.9405549 | BD29: 11.377122 | BE29: 9.9458186 | BF29: =AY29/$BJ$1 -> 7.3766359 | BG29: =AG29/$BJ$2 -> 0.14303365 | BH29: =AI29/AT29 -> 0.23001309 | BI29: =BH29*0.604 -> 0.13892791 | BK29: =AI29/BC29 -> 6.8040341 | BL29: =AI29/AU29 -> 0.54990065 | BM29: =AW29/AQ29 -> 18.179591 | BN29: =AU29/AL29 -> 5.0716497 | BO29: =AV29/AP29 -> 29.62265 | BP29: =AH29+AI29+AJ29+AK29+AQ29+AR29+AS29+AT29+AU29 -> 693.918 | BQ29: =AG29/AM29 -> 36.867407 | BR29: =AN29/AO29 -> 6.442913 | BS29: 0.077567103 | BT29: =AI29/AT29 -> 0.23001309 | BU29: ti-mgt много ti,v
BH30: =AI30/AT30 -> #DIV/0! | BI30: =BH30*0.604 -> #DIV/0! | BK30: =AI30/BC30 -> #DIV/0! | BR30: =AN30/AO30 -> #DIV/0!
A31: 19ТР-18 | B31: прямые края | C31: 1 | D31: 33.3 | E31: 19 | F31: 69 | G31: 33.3 | H31: 8.53 | I31: 1.3 | K31: 20.68 | L31: 0.55 | M31: 0.51 | N31: 32.07 | P31: 0.5 | W31: 0 | X31: 0.23 | AC31: 97.68 | AD31: 25.211637 | AE31: 3.4268815 | AF31: 250.0105 | AG31: 4673.9027 | AH31: 309.91077 | AI31: 50.105502 | AJ31: 129.87821 | AK31: 38.620265 | AL31: 47.204907 | AM31: 85.43662 | AN31: 5.9448778 | AO31: 8.5338082 | AP31: 21.591096 | AQ31: 11.057827 | AR31: 54.477679 | AS31: 17.552605 | AT31: 209.81589 | AU31: 125.31861 | AV31: 3146.9932 | AW31: 338.06472 | AX31: 3037.1376 | AY31: 92815.658 | AZ31: 9.8273925 | BA31: 141.62801 | BB31: 44.286034 | BC31: 38.244047 | BD31: 17.324153 | BE31: 35.062822 | BF31: 15.486236 | BG31: 0.63134586 | BH31: =AI31/AT31 -> 0.23880699 | BI31: =BH31*0.604 -> 0.14423942 | BK31: =AI31/BC31 -> 1.3101517 | BL31: 0.61933664 | BM31: 30.572437 | BN31: 2.3504569 | BO31: 145.75421 | BP31: 895.60333 | BQ31: 54.706081 | BR31: =AN31/AO31 -> 0.6966266 | BS31: 0.13157594 | BT31: =AI31/AT31 -> 0.23880699 | BU31: ilm (есть nb,zr), Pyr,zrn, mgt
BH32: =AI32/AT32 -> #DIV/0! | BI32: =BH32*0.604 -> #DIV/0! | BK32: =AI32/BC32 -> #DIV/0! | BR32: =AN32/AO32 -> #DIV/0! | BT32: =AI32/AT32 -> #DIV/0!
A33: 19ТР-18 | B33: прямые края | C33: 14 | D33: 34.92 | E33: 20 | F33: 74 | G33: 34.92 | H33: 3.15 | I33: 2.17 | K33: 22.62 | L33: 0.47 | M33: 0.4 | N33: 32.29 | P33: 0.3 | W33: 0 | X33: 0 | AC33: 96.38 | AD33: 69.045192 | AE33: 37.715278 | AF33: 271.99034 | AG33: 2203.068 | AH33: 175.24994 | AI33: 32.299503 | AJ33: 79.285201 | AK33: 22.297901 | AL33: 27.379215 | AM33: 41.44299 | AN33: 3.5509362 | AO33: 4.3589131 | AP33: 5.9605493 | AQ33: 6.2820708 | AR33: 30.827835 | AS33: 11.422916 | AT33: 127.71344 | AU33: 65.668437 | AV33: 1073.9874 | AW33: 205.20932 | AX33: 2580.0442 | AY33: 28635.597 | AZ33: 21.042483 | BA33: 47.332086 | BB33: 30.165667 | BC33: 21.292759 | BD33: 10.300473 | BE33: 20.182742 | BF33: 4.777832 | BG33: 0.29758811 | BH33: =AI33/AT33 -> 0.25290607 | BI33: =BH33*0.604 -> 0.15275526 | BK33: =AI33/BC33 -> 1.5169243 | BL33: 0.76189666 | BM33: 32.665872 | BN33: 2.2122047 | BO33: 180.18262 | BP33: 519.98287 | BQ33: 53.159002 | BR33: =AN33/AO33 -> 0.81463797 | BS33: 0.025891511 | BT33: =AI33/AT33 -> 0.25290607
A34: 19ТР-18 | B34: прямые края | C34: 17 | D34: 35.04 | E34: 21 | F34: 76 | G34: 35.04 | H34: 2.54 | I34: 2.28 | K34: 23.16 | L34: 0.39 | M34: 0.39 | N34: 32.4 | P34: 0.26 | W34: 0 | X34: 0 | AC34: 96.5 | AD34: 27.829694 | AE34: 2.7445869 | AF34: 217.71358 | AG34: 2415.2677 | AH34: 318.16057 | AI34: 42.130249 | AJ34: 116.25567 | AK34: 25.547944 | AL34: 27.078653 | AM34: 40.432943 | AN34: 6.0178326 | AO34: 7.2860456 | AP34: 11.421512 | AQ34: 7.3478149 | AR34: 36.520774 | AS34: 13.2316 | AT34: 195.82581 | AU34: 111.92299 | AV34: 1541.0222 | AW34: 231.27585 | AX34: 2787.8035 | AY34: 53028.989 | AZ34: 6.8537059 | BA34: 204.91441 | BB34: 37.624719 | BC34: 19.873483 | BD34: 12.975295 | BE34: 22.883521 | BF34: 8.8478547 | BG34: 0.32625182 | BH34: =AI34/AT34 -> 0.21514145 | BI34: =BH34*0.604 -> 0.12994544 | BK34: =AI34/BC34 -> 2.1199227 | BL34: 0.58308468 | BM34: 31.47546 | BN34: 4.03967 | BO34: 134.92279 | BP34: 805.26522 | BQ34: 59.735143 | BR34: =AN34/AO34 -> 0.82593947 | BS34: 0.016307872 | BT34: =AI34/AT34 -> 0.21514145

Sheet Лист1
A1: № образца | B1: генерация | C1: №анализа EPMA | D1: SiO2 | E1: Th | F1: U | G1: Nb | H1: Ta | I1: Ce | J1: Zr | K1: Hf | L1: Ti | M1: Eu | N1: Gd | O1: Y | P1: Yb | Q1: 5993.429 | R1: 232Th | S1: 238U | T1: 093Nb | U1: 181Ta | V1: 140Ce | W1: 090Zr | X1: 178Hf | Y1: 047Ti | Z1: 153Eu | AA1: 158Gd | AB1: 089Y | AC1: 174Yb
E2: 0.029 | F2: 0.008 | G2: 0.246 | H2: 0.014 | I2: 0.612 | J2: 3.87 | K2: 0.1066 | L2: 445 | M2: 0.058 | N2: 0.2055 | O2: 1.57 | P2: 0.17 | Q2: С1
A3: 19ТР-4 | B3: центры турьяитов | C3: 1 | D3: 25.48 | E3: =R3/E$2 -> 62.513636 | F3: =S3/F$2 -> 541.17813 | G3: =T3/G$2 -> 1152.6149 | H3: =U3/H$2 -> 4630.8152 | I3: =V3/I$2 -> 355.07686 | J3: =W3/J$2 -> 16343.687 | K3: =X3/K$2 -> 10581.876 | L3: =Y3/L$2 -> 349.75306 | ... P3: =AC3/P$2 -> 1876.0507 | R3: 1.8128954 | S3: 4.329425 | T3: 283.54327 | U3: 64.831413 | V3: 217.30704 | W3: 63250.07 | X3: 1128.028 | Y3: 155640.11 | Z3: 74.663187 | AA3: 260.01303 | AB3: 2660.626 | AC3: 318.92862
A4: 19ТР-4 | B4: центры турьяитов | C4: Spectrum 8 | D4: 24.49 | E4: =R4/E$2 -> 47.691111 | F4: =S4/F$2 -> 724.65346 | G4: =T4/G$2 -> 1065.5756 | H4: =U4/H$2 -> 6490.0857 | I4: =V4/I$2 -> 281.42654 | J4: =W4/J$2 -> 19582.22 | K4: =X4/K$2 -> 12246.599 | L4: =Y4/L$2 -> 461.19628 | ... P4: =AC4/P$2 -> 3108.015 | R4: 1.3830422 | S4: 5.7972277 | T4: 262.13161 | U4: 90.861199 | V4: 172.23304 | W4: 75783.192 | X4: 1305.4875 | Y4: 205232.35 | Z4: 94.672837 | AA4: 366.66404 | AB4: 4068.8842 | AC4: 528.36255
A7: 19ТР-18 | B7: центры | C7: 11 | D7: 28.37 | E7: =R7/E$2 -> 565.79518 | F7: =S7/F$2 -> 1574.0773 | G7: =T7/G$2 -> 18874.695 | H7: =U7/H$2 -> 3078.1104 | I7: =V7/I$2 -> 840.51211 | J7: =W7/J$2 -> 2132.3009 | K7: =X7/K$2 -> 1109.2173 | L7: =Y7/L$2 -> 349.08622 | ... P7: =AC7/P$2 -> 286.43609 | R7: 16.40806 | S7: 12.592618 | T7: 4643.1749 | U7: 43.093545 | V7: 514.39341 | W7: 8252.0044 | X7: 118.24257 | Y7: 155343.37 | Z7: 36.098421 | AA7: 116.53616 | AB7: 541.50899 | AC7: 48.694135
A8: 19ТР-18 | B8: центры | C8: 12 | D8: 27.19 | E8: =R8/E$2 -> 394.94404 | F8: =S8/F$2 -> 1293.309 | G8: =T8/G$2 -> 12756.08 | H8: =U8/H$2 -> 3238.5698 | I8: =V8/I$2 -> 788.91237 | J8: =W8/J$2 -> 2313.5123 | K8: =X8/K$2 -> 1577.7195 | L8: =Y8/L$2 -> 364.00702 | ... P8: =AC8/P$2 -> 461.39069 | R8: 11.453377 | S8: 10.346472 | T8: 3137.9957 | U8: 45.339978 | V8: 482.81437 | W8: 8953.2926 | X8: 168.1849 | Y8: 161983.12 | Z8: 47.26516 | AA8: 130.22321 | AB8: 768.04133 | AC8: 78.436418
A9: 19ТР-18 | B9: центры | C9: 13 | D9: 30.62 | E9: 94.02221 | F9: 910.99934 | G9: 6602.0123 | H9: 616.65661 | I9: 329.04147 | J9: 630.46236 | K9: 430.97253 | L9: 120.23562 | M9: 225.54753 | N9: 370.33442 | O9: 106.70311 | P9: 147.8366 | R9: 7.9918879 | S9: 19.130986 | T9: 4707.2347 | U9: 25.282921 | V9: 584.04861 | W9: 7061.1784 | X9: 133.17051 | Y9: 156306.31 | Z9: 28.595386 | AA9: 75.680526 | AB9: 485.49916 | AC9: 56.248096
A11: 19ТР-18 | B11: центры | C11: 16 | D11: 28.28 | E11: =R11/E$2 -> 382.78091 | F11: =S11/F$2 -> 1270.1812 | G11: =T11/G$2 -> 13145.33 | H11: =U11/H$2 -> 2581.1083 | I11: =V11/I$2 -> 633.37706 | J11: =W11/J$2 -> 1749.5917 | K11: =X11/K$2 -> 1130.2472 | L11: =Y11/L$2 -> 269.61835 | ... P11: =AC11/P$2 -> 267.85696 | R11: 11.100646 | S11: 10.16145 | T11: 3233.7511 | U11: 36.135517 | V11: 387.62676 | W11: 6770.9198 | X11: 120.48435 | Y11: 119980.17 | Z11: 31.346846 | AA11: 92.57054 | AB11: 477.06804 | AC11: 45.535683
A13: 18КЛ-20 | B13: центры | C13: 26 | D13: 28.03 | E13: =R13/E$2 -> 331.81402 | F13: =S13/F$2 -> 7020.7986 | G13: =T13/G$2 -> 48024.264 | H13: =U13/H$2 -> 2694.21 | I13: =V13/I$2 -> 454.28046 | J13: =W13/J$2 -> 4237.8696 | K13: =X13/K$2 -> 2180.8489 | L13: =Y13/L$2 -> 286.89853 | ... P13: =AC13/P$2 -> 823.07231 | R13: 9.6226065 | S13: 56.166388 | T13: 11813.969 | U13: 37.71894 | V13: 278.01964 | W13: 16400.555 | X13: 232.47849 | Y13: 127669.85 | Z13: 43.214541 | AA13: 130.54156 | AB13: 1142.2974 | AC13: 139.92229
A15: 19ТР-14 | B15: основная масса карбонат | C15: 15 | D15: 35.86 | E15: =R15/E$2 -> 1153.0975 | F15: =S15/F$2 -> 3855.7251 | G15: =T15/G$2 -> 1400.1694 | H15: =U15/H$2 -> 614.23411 | I15: =V15/I$2 -> 2911.2739 | J15: =W15/J$2 -> 189.61918 | K15: =X15/K$2 -> 93.353044 | L15: =Y15/L$2 -> 14.366729 | ... P15: =AC15/P$2 -> 20.634995 | R15: 33.439829 | S15: 30.845801 | T15: 344.44166 | U15: 8.5992775 | V15: 1781.6996 | W15: 733.82623 | X15: 9.9514345 | Y15: 6393.1943 | Z15: 11.094916 | AA15: 54.955625 | AB15: 67.425013 | AC15: 3.5079491
A16: 19ТР-14 | B16: основная масса карбонат | C16: 16 | D16: 35.76 | E16: =R16/E$2 -> 1023.3348 | F16: =S16/F$2 -> 907.63782 | G16: =T16/G$2 -> 1030.7922 | H16: =U16/H$2 -> 602.96571 | I16: =V16/I$2 -> 975.1434 | J16: =W16/J$2 -> 89.884563 | K16: =X16/K$2 -> 61.054829 | L16: =Y16/L$2 -> 13.121638 | ... P16: =AC16/P$2 -> 26.147714 | R16: 29.67671 | S16: 7.2611026 | T16: 253.57488 | U16: 8.4415199 | V16: 596.78776 | W16: 347.85326 | X16: 6.5084448 | Y16: 5839.1291 | Z16: 10.390675 | AA16: 24.219737 | AB16: 43.156379 | AC16: 4.4451114
A17: 19ТР-14 | B17: основная масса карбонат | C17: 21 | D17: 36.24 | E17: =R17/E$2 -> 683.48199 | F17: =S17/F$2 -> 734.07181 | G17: =T17/G$2 -> 4539.0362 | H17: =U17/H$2 -> 895.48458 | I17: =V17/I$2 -> 685.11592 | J17: =W17/J$2 -> 40.840469 | K17: =X17/K$2 -> 38.713506 | L17: =Y17/L$2 -> 23.649814 | ... P17: =AC17/P$2 -> 8.7975975 | R17: 19.820978 | S17: 5.8725745 | T17: 1116.6029 | U17: 12.536784 | V17: 419.29094 | W17: 158.05262 | X17: 4.1268597 | Y17: 10524.167 | Z17: 6.9827542 | AA17: 17.747186 | AB17: 24.409094 | AC17: 1.4955916
A19: 19ТР-9 | B19: поздние каймы | C19: 44 | D19: 33.64 | E19: =R19/E$2 -> 283.21128 | F19: =S19/F$2 -> 222.93094 | G19: =T19/G$2 -> 1120.7906 | H19: =U19/H$2 -> 250.99569 | I19: =V19/I$2 -> 275.38336 | J19: =W19/J$2 -> 50.228021 | K19: =X19/K$2 -> 48.377551 | L19: =Y19/L$2 -> 152.12125 | ... P19: =AC19/P$2 -> 8.0095222 | R19: 8.2131271 | S19: 1.7834475 | T19: 275.7145 | U19: 3.5139397 | V19: 168.53461 | W19: 194.38244 | X19: 5.1570469 | Y19: 67693.958 | Z19: 2.9045034 | AA19: 8.8532852 | AB19: 30.136638 | AC19: 1.3616188
A20: 19ТР-9 | B20: поздние каймы | C20: 45 | D20: 35.58 | E20: =R20/E$2 -> 355.72078 | F20: =S20/F$2 -> 183.4276 | G20: =T20/G$2 -> 541.13953 | H20: =U20/H$2 -> 172.1435 | I20: =V20/I$2 -> 248.63463 | J20: =W20/J$2 -> 15.234881 | K20: =X20/K$2 -> 25.603074 | L20: =Y20/L$2 -> 22.19716 | ... P20: =AC20/P$2 -> 12.970539 | R20: 10.315903 | S20: 1.4674208 | T20: 133.12032 | U20: 2.4100091 | V20: 152.16439 | W20: 58.95899 | X20: 2.7292877 | Y20: 9877.7362 | Z20: 2.2695313 | AA20: 5.8044676 | AB20: 25.899123 | AC20: 2.2049916
A21: 19ТР-12 | B21: поздние каймы | C21: Спектр 8067 | D21: 35.52 | E21: =R21/E$2 -> 88.871582 | F21: =S21/F$2 -> 148.79932 | G21: =T21/G$2 -> 368.42364 | H21: =U21/H$2 -> 195.52558 | I21: =V21/I$2 -> 131.63281 | J21: =W21/J$2 -> 128.33415 | K21: =X21/K$2 -> 108.94694 | L21: =Y21/L$2 -> 33.642675 | ... P21: =AC21/P$2 -> 9.0308951 | R21: 2.5772759 | S21: 1.1903946 | T21: 90.632215 | U21: 2.7373581 | V21: 80.559283 | W21: 496.65317 | X21: 11.613744 | Y21: 14970.99 | Z21: 3.5190589 | AA21: 7.5139897 | AB21: 21.043958 | AC21: 1.5352522
A22: 19ТР-18 | B22: поздние каймы | C22: 3 | D22: 34.63 | E22: =R22/E$2 -> 102.4546 | F22: =S22/F$2 -> 148.39499 | G22: =T22/G$2 -> 871.72656 | H22: =U22/H$2 -> 87.830714 | I22: =V22/I$2 -> 70.114969 | J22: =W22/J$2 -> 180.0998 | K22: =X22/K$2 -> 127.56664 | L22: =Y22/L$2 -> 53.952575 | ... P22: =AC22/P$2 -> 20.859182 | R22: 2.9711835 | S22: 1.1871599 | T22: 214.44473 | U22: 1.22963 | V22: 42.910361 | W22: 696.98624 | X22: 13.598604 | Y22: 24008.896 | Z22: 2.711202 | AA22: 8.9852694 | AB22: 37.542993 | AC22: 3.546061
A24: 18КЛ-20 | B24: загнутые каймы | C24: 27 | D24: 29.99 | E24: =R24/E$2 -> 871.42546 | F24: =S24/F$2 -> 6171.4574 | G24: =T24/G$2 -> 9029.0533 | H24: =U24/H$2 -> 1077.0901 | I24: =V24/I$2 -> 755.99496 | J24: =W24/J$2 -> 1401.8217 | K24: =X24/K$2 -> 688.79488 | L24: =Y24/L$2 -> 168.9244 | ... P24: =AC24/P$2 -> 149.40974 | R24: 25.271338 | S24: 49.371659 | T24: 2221.1471 | U24: 15.079262 | V24: 462.66892 | W24: 5425.05 | X24: 73.425534 | Y24: 75171.357 | Z24: 25.776979 | AA24: 64.999971 | AB24: 277.23583 | AC24: 25.399656
A25: 18КЛ-20 | B25: загнутые каймы | C25: 27а | D25: 30 | E25: =R25/E$2 -> 1067.8215 | F25: =S25/F$2 -> 5594.1431 | G25: =T25/G$2 -> 10624.955 | H25: =U25/H$2 -> 843.0544 | I25: =V25/I$2 -> 791.96321 | J25: =W25/J$2 -> 1015.8518 | K25: =X25/K$2 -> 595.69271 | L25: =Y25/L$2 -> 129.55517 | ... P25: =AC25/P$2 -> 174.41953 | R25: 30.966825 | S25: 44.753145 | T25: 2613.7389 | U25: 11.802762 | V25: 484.68148 | W25: 3931.3465 | X25: 63.500843 | Y25: 57652.051 | Z25: 24.524151 | AA25: 63.023772 | AB25: 295.27207 | AC25: 29.651319
A26: 18КЛ-20 | B26: загнутые каймы | C26: 32 | D26: 29.78 | E26: =R26/E$2 -> 1656.9546 | F26: =S26/F$2 -> 6445.773 | G26: =T26/G$2 -> 12258.685 | H26: =U26/H$2 -> 2403.184 | I26: =V26/I$2 -> 926.25048 | J26: =W26/J$2 -> 502.34038 | K26: =X26/K$2 -> 315.56276 | L26: =Y26/L$2 -> 210.0124 | ... P26: =AC26/P$2 -> 102.02768 | R26: 48.051684 | S26: 51.566184 | T26: 3015.6365 | U26: 33.644576 | V26: 566.86529 | W26: 1944.0573 | X26: 33.638991 | Y26: 93455.517 | Z26: 30.423668 | AA26: 65.263657 | AB26: 204.74148 | AC26: 17.344705
A27: 18КЛ-20 | B27: загнутые каймы | C27: 33 | D27: 30.07 | E27: =R27/E$2 -> 2325.6726 | F27: =S27/F$2 -> 8748.4604 | G27: =T27/G$2 -> 28742.14 | H27: =U27/H$2 -> 3215.8864 | I27: =V27/I$2 -> 1283.6678 | J27: =W27/J$2 -> 506.03247 | K27: =X27/K$2 -> 351.11042 | L27: =Y27/L$2 -> 271.85526 | ... P27: =AC27/P$2 -> 213.1498 | R27: 67.444505 | S27: 69.987683 | T27: 7070.5663 | U27: 45.02241 | V27: 785.60467 | W27: 1958.3457 | X27: 37.428371 | Y27: 120975.59 | Z27: 32.414096 | AA27: 68.982309 | AB27: 335.36849 | AC27: 36.235466
A28: 19ТР-12 | B28: загнутые каймы | C28: 15 | D28: 28.21 | E28: =R28/E$2 -> 684.72755 | F28: =S28/F$2 -> 972.52382 | G28: =T28/G$2 -> 2306.399 | H28: =U28/H$2 -> 1326.0101 | I28: =V28/I$2 -> 689.96422 | J28: =W28/J$2 -> 328.77403 | K28: =X28/K$2 -> 295.81604 | L28: =Y28/L$2 -> 169.72874 | ... P28: =AC28/P$2 -> 43.878012 | R28: 19.857099 | S28: 7.7801906 | T28: 567.37414 | U28: 18.564142 | V28: 422.2581 | W28: 1272.3555 | X28: 31.533989 | Y28: 75529.288 | Z28: 18.785499 | AA28: 44.003416 | AB28: 112.37979 | AC28: 7.4592621
A29: 19ТР-4 | B29: загнутые каймы | C29: 25 | D29: 30.02 | E29: =R29/E$2 -> 138.26314 | F29: =S29/F$2 -> 562.72535 | G29: =T29/G$2 -> 1407.0965 | H29: =U29/H$2 -> 570.40851 | I29: =V29/I$2 -> 461.03102 | J29: =W29/J$2 -> 1212.4696 | K29: =X29/K$2 -> 694.05308 | L29: =Y29/L$2 -> 71.68193 | ... P29: =AC29/P$2 -> 129.10999 | R29: 4.0096311 | S29: 4.5018028 | T29: 346.14573 | U29: 7.9857191 | V29: 282.15098 | W29: 4692.2572 | X29: 73.986058 | Y29: 31898.459 | Z29: 25.595278 | AA29: 82.234482 | AB29: 299.00472 | AC29: 21.948699
A30: 19ТР-14 | B30: загнутые каймы | C30: 20 | D30: 30.33 | E30: =R30/E$2 -> 477.79936 | F30: =S30/F$2 -> 268.82602 | G30: =T30/G$2 -> 1093.8187 | H30: =U30/H$2 -> 648.82643 | I30: =V30/I$2 -> 381.74082 | J30: =W30/J$2 -> 273.61479 | K30: =X30/K$2 -> 269.43297 | L30: =Y30/L$2 -> 99.351333 | ... P30: =AC30/P$2 -> 34.944441 | R30: 13.856181 | S30: 2.1506082 | T30: 269.07941 | U30: 9.08357 | V30: 233.62538 | W30: 1058.8892 | X30: 28.721554 | Y30: 44211.343 | Z30: 11.377122 | AA30: 33.449854 | AB30: 68.356805 | AC30: 5.9405549
A32: 19 ТР-1 | B32: турьяит | E32: =R32/E$2 -> 53.549799 | F32: =S32/F$2 -> 586.79788 | G32: =T32/G$2 -> 665.49328 | H32: =U32/H$2 -> 192.66592 | I32: =V32/I$2 -> 337.13748 | J32: =W32/J$2 -> 1180.2774 | K32: =X32/K$2 -> 1158.5885 | L32: =Y32/L$2 -> 33.536266 | ... P32: =AC32/P$2 -> 100.16534 | Q32: 2.49 | R32: 1.5529442 | S32: 4.6943831 | T32: 163.71135 | U32: 2.6973228 | V32: 206.32814 | W32: 4567.6735 | X32: 123.50554 | Y32: =Q32*Q$1 -> 14923.638 | Z32: 9.2033385 | AA32: 35.6418 | AB32: 226.54797 | AC32: 17.028108
A33: 19ТР-15 | B33: карбонатит | E33: =R33/E$2 -> 1500.2134 | F33: =S33/F$2 -> 2478.6651 | G33: =T33/G$2 -> 1356.7859 | H33: =U33/H$2 -> 39.758524 | I33: =V33/I$2 -> 236.86402 | J33: =W33/J$2 -> 9.0528219 | K33: =X33/K$2 -> 2.6141019 | L33: =Y33/L$2 -> 0.67341899 | ... P33: =AC33/P$2 -> 19.93153 | Q33: 0.05 | R33: 43.50619 | S33: 19.829321 | T33: 333.76932 | U33: 0.55661933 | V33: 144.96078 | W33: 35.034421 | X33: 0.27866326 | Y33: =Q33*Q$1 -> 299.67145 | Z33: 10.025575 | AA33: 23.330431 | AB33: 56.91589 | AC33: 3.3883601
A34: 19ТР-39 | B34: карбонатит | E34: =R34/E$2 -> 4415.967 | F34: =S34/F$2 -> 860.47038 | G34: =T34/G$2 -> 1287.8058 | H34: =U34/H$2 -> 225.58592 | I34: =V34/I$2 -> 288.47561 | J34: =W34/J$2 -> 22.768797 | K34: =X34/K$2 -> 11.949885 | L34: =Y34/L$2 -> 2.1549408 | ... P34: =AC34/P$2 -> 20.998466 | Q34: 0.16 | R34: 128.06304 | S34: 6.883763 | T34: 316.80023 | U34: 3.1582029 | V34: 176.54707 | W34: 88.115246 | X34: 1.2738578 | Y34: =Q34*Q$1 -> 958.94864 | Z34: 13.226966 | AA34: 30.522639 | AB34: 35.089208 | AC34: 3.5697392
A35: 19ТР-42 | B35: карбонатит | E35: =R35/E$2 -> 72.692076 | F35: =S35/F$2 -> 211.8442 | G35: =T35/G$2 -> 323.80351 | H35: =U35/H$2 -> 278.4425 | I35: =V35/I$2 -> 38.254162 | J35: =W35/J$2 -> 28.005243 | K35: =X35/K$2 -> 19.29326 | L35: =Y35/L$2 -> 13.872431 | ... P35: =AC35/P$2 -> 9.3365511 | Q35: 1.03 | R35: 2.1080702 | S35: 1.6947536 | T35: 79.655663 | U35: 3.898195 | V35: 23.411547 | W35: 108.38029 | X35: 2.0566615 | Y35: =Q35*Q$1 -> 6173.2318 | Z35: 2.1196898 | AA35: 6.2217143 | AB35: 22.235269 | AC35: 1.5872137
A36: 18КЛ-16 | B36: Слюдяной карбонатит | E36: =R36/E$2 -> 810.10002 | F36: =S36/F$2 -> 820.32283 | G36: =T36/G$2 -> 1188.5503 | H36: =U36/H$2 -> 1112.9189 | I36: =V36/I$2 -> 795.87223 | J36: =W36/J$2 -> 78.895729 | K36: =X36/K$2 -> 52.493017 | L36: =Y36/L$2 -> 31.516009 | ... P36: =AC36/P$2 -> 12.378749 | Q36: 2.34 | R36: 23.492901 | S36: 6.5625826 | T36: 292.38338 | U36: 15.580865 | V36: 487.07381 | W36: 305.32647 | X36: 5.5957557 | Y36: =Q36*Q$1 -> 14024.624 | Z36: 5.8789354 | AA36: 14.780654 | AB36: 34.478386 | AC36: 2.1043873
B37: протокарбонатит | G37: =G3/T37 -> 96051.242 | H37: =H3/U37 -> 48745.423 | I37: =I3/V37 -> 20886.874 | J37: =J3/W37 -> 4106.4541 | L37: =L3/Y37 -> 205.7371 | O37: =O3/AB37 -> 553.81249 | P37: =P3/AC37 -> 62.535023 | Q37: из Sweeney,1992 | T37: 0.012 | U37: 0.095 | V37: 0.017 | W37: 3.98 | Y37: 1.7 | AB37: 3.06 | AC37: 30
B38: протогранат из КЛ | G38: =G36*T37 -> 14.262604 | H38: =H36*U37 -> 105.7273 | I38: =I36*V37 -> 13.529828 | J38: =J36*W37 -> 314.005 | L38: =L36*Y37 -> 53.577215 | O38: =O36*AB37 -> 67.199912 | P38: =P36*AC37 -> 371.36246
B39: протогранат из ТР | G39: =G33*T37 -> 16.28143 | H39: =H33*U37 -> 3.7770598 | I39: =I33*V37 -> 4.0266883 | J39: =J33*W37 -> 36.030231 | K39: =K33*X37 -> 0 | L39: =L33*Y37 -> 1.1448123 | M39: =M33*Z37 -> 0 | N39: =N33*AA37 -> 0 | ... P39: =P33*AC37 -> 597.94591
B40: протосиликат | G40: =G24/T40 -> 45145.266 | H40: =H24/U40 -> 17657.215 | I40: =I24/V40 -> 99473.021 | J40: =J24/W40 -> 4380.6928 | K40: =K24/X40 -> 313.08858 | L40: =L24/Y40 -> #DIV/0! | M40: =M24/Z40 -> 584.77721 | N40: =N24/AA40 -> 287.54687 | ... P40: =P24/AC40 -> 23.345272 | Q40: из Green,2000 | T40: 0.2 | U40: 0.061 | V40: 0.0076 | W40: 0.32 | X40: 2.2 | Z40: 0.76 | AA40: 1.1 | AB40: 6 | AC40: 6.4
A43: 19ТР-18 | B43: прямые края | C43: 1 | D43: 33.3 | E43: =R43/E$2 -> 204.99579 | F43: =S43/F$2 -> 1066.726 | G43: =T43/G$2 -> 12792.655 | H43: =U43/H$2 -> 1542.2212 | I43: =V43/I$2 -> 506.39015 | J43: =W43/J$2 -> 1207.7268 | K43: =X43/K$2 -> 801.46923 | L43: =Y43/L$2 -> 208.57451 | ... P43: =AC43/P$2 -> 224.96498 | R43: 5.9448778 | S43: 8.5338082 | T43: 3146.9932 | U43: 21.591096 | V43: 309.91077 | W43: 4673.9027 | X43: 85.43662 | Y43: 92815.658 | Z43: 17.324153 | AA43: 44.286034 | AB43: 338.06472 | AC43: 38.244047
A45: 19ТР-18 | B45: прямые края | C45: 14 | D45: 34.92 | E45: =R45/E$2 -> 122.44607 | F45: =S45/F$2 -> 544.86414 | G45: =T45/G$2 -> 4365.8024 | H45: =U45/H$2 -> 425.75352 | I45: =V45/I$2 -> 286.35612 | J45: =W45/J$2 -> 569.26821 | K45: =X45/K$2 -> 388.77101 | L45: =Y45/L$2 -> 64.349656 | ... P45: =AC45/P$2 -> 125.25152 | R45: 3.5509362 | S45: 4.3589131 | T45: 1073.9874 | U45: 5.9605493 | V45: 175.24994 | W45: 2203.068 | X45: 41.44299 | Y45: 28635.597 | Z45: 10.300473 | AA45: 30.165667 | AB45: 205.20932 | AC45: 21.292759
A46: 19ТР-18 | B46: прямые края | C46: 17 | D46: 35.04 | E46: =R46/E$2 -> 207.51147 | F46: =S46/F$2 -> 910.75569 | G46: =T46/G$2 -> 6264.3179 | H46: =U46/H$2 -> 815.82227 | I46: =V46/I$2 -> 519.87021 | J46: =W46/J$2 -> 624.10017 | K46: =X46/K$2 -> 379.2959 | L46: =Y46/L$2 -> 119.16627 | ... P46: =AC46/P$2 -> 116.90284 | R46: 6.0178326 | S46: 7.2860456 | T46: 1541.0222 | U46: 11.421512 | V46: 318.16057 | W46: 2415.2677 | X46: 40.432943 | Y46: 53028.989 | Z46: 12.975295 | AA46: 37.624719 | AB46: 231.27585 | AC46: 19.873483
